id,created_utc,title,selftext,author,score,upvote_ratio,num_comments,over_18,stickied,permalink,url,subreddit,flair,is_video,domain,thumbnail
1okbp1b,2025-10-30T21:05:18,Austin Reaves Mic’d Up In Minnesota,,Turbulent_Emu_7285,6,1.0,2,False,False,https://reddit.com/r/lakers/comments/1okbp1b/austin_reaves_micd_up_in_minnesota/,https://youtube.com/shorts/BFCif5QDPr0?si=ADE6mXfGSvleXxGn,lakers,GAME,False,youtube.com,https://external-preview.redd.it/7cqpyW8TPGlum5exSnaR4SI-YFCEMnmkx88xcOWXSd8.jpeg?width=140&amp;height=105&amp;auto=webp&amp;s=ce64e64c972d0030635d3410ab22236e70bbada1
1okbjge,2025-10-30T20:59:18,JJ After Last Night’s Win,,Turbulent_Emu_7285,9,1.0,4,False,False,https://reddit.com/r/lakers/comments/1okbjge/jj_after_last_nights_win/,https://youtube.com/shorts/R5uIXwS5McU?si=ELWWr6uVgWbsYk7G,lakers,POST GAME,False,youtube.com,https://external-preview.redd.it/BTtCa8m7Rcth2mxYybLpJsanwaCDyA_xTm7CdSmITZk.jpeg?width=140&amp;height=105&amp;auto=webp&amp;s=aec2c3f5355f2f518b5a2f056578274102b9ffc9
1okbddf,2025-10-30T20:52:41,NBA announces logo change,"Adam Silver:  ""Effective immediately, the NBA logo that we've known for generations will be changed, in keeping with the reality of who owns today's NBA.""  

https://preview.redd.it/dnb3n7m1bbyf1.png?width=1024&amp;format=png&amp;auto=webp&amp;s=3702496c2fa3bb8c72b73207d9882a19a026254f

",Indiv_Balderdashery,14,0.85,1,False,False,https://reddit.com/r/lakers/comments/1okbddf/nba_announces_logo_change/,https://www.reddit.com/r/lakers/comments/1okbddf/nba_announces_logo_change/,lakers,,False,self.lakers,https://b.thumbs.redditmedia.com/vAX6GYyka52XLUeePbhruF7uz1hMlwzYmBVmNE7oZqk.jpg
1okaqf4,2025-10-30T20:27:23,The sale of the Los Angeles Lakers is finalized. Mark Walter is the majority owner of the Lakers after the NBA Board of Governors approved his purchase of a controlling stake from the Buss family,,xratez,33,0.95,22,False,False,https://reddit.com/r/lakers/comments/1okaqf4/the_sale_of_the_los_angeles_lakers_is_finalized/,https://www.nbcnews.com/sports/nba/sale-lakers-finalized-mark-walter-rcna240878,lakers,,False,nbcnews.com,https://external-preview.redd.it/9XO-YLTTQg0RceDuOjStV8UrqSBK1Skm4E8ubNeyDf8.jpeg?width=140&amp;height=73&amp;auto=webp&amp;s=39b2a43a9d58de5d4383d51db9d9ef7e02a9913c
1okadgr,2025-10-30T20:13:21,"Pelinka likes to go after expiring contracts, this is my top 5 targets",,imin2099,1,0.67,17,False,False,https://reddit.com/r/lakers/comments/1okadgr/pelinka_likes_to_go_after_expiring_contracts_this/,https://i.redd.it/gd2dxcj14byf1.jpeg,lakers,,False,i.redd.it,https://b.thumbs.redditmedia.com/mU5A8NZyn6LIj1a87nUPRZRAggYHoqTd_odqQhfM8UQ.jpg
1oka19a,2025-10-30T20:00:28,This is when I knew. Watching him develop has been amazing,,KarrotMovies,14,1.0,0,False,False,https://reddit.com/r/lakers/comments/1oka19a/this_is_when_i_knew_watching_him_develop_has_been/,https://i.redd.it/hkige0dr1byf1.jpeg,lakers,PLAYER TALK,False,i.redd.it,https://b.thumbs.redditmedia.com/Owkyrmc2rIHUNZbkH9EOV-uYRKG0aYWjhW40uZ4iSFo.jpg
1ok9r33,2025-10-30T19:49:32,Drew Timme highlights (with some thoughts),"So I remember being into Timme as a late draft/undrafted type of guy in 2023 and I wanted to see what he was good at in his short time last year. He had a torrid 9 game stretch (lol) where he showed some actual NBA skills. Now *obviously* this is a highlight video and so it doesn't show the problems very much, but you can see what he is good at since it is ostensibly his best plays. 

First thing that pops out to me: he is a solid passer. I remember that from his college days and it translates decently in the NBA as a connector at the next level. For this team specifically, we utilize our bigs right now not as facilitators but as secondary passers off short roll actions. I think he can really excel there.

Second thing he has a nice little floater/push shot at the FT line which is a good fit for this team as well as they adjust to what Ayton prefers/does well. Timme can really be a short roll guy in this offense if Ayton missed time.

Third thing he needs work on his screens, needs to be more physical. He often turns too early and on this team that will get called as an offensive foul (think Hayes). 

Fourth thing he has very good positional awareness in those short roll actions. He knows how to keep the passing window open for his guard. I think with this team that would fit really well with Austin and Luka specifically. I think his limited athleticism makes him probably a little less ideal with LeBron, but obviously it's LeBron lol 

So that's mostly what I think he looks good at. I know he has some possible utility as a stretch big, but I'm not even counting on that development even if it's totally within reason if he develops more. He obviously is also not a defender and needs to be hidden on that end really. His athleticism is poor. 

I would be very tempted to give him the 2 way slot that Koloko has right now. If Ayton misses any time, Timme could really fit decently as a 3rd string type of big. ",nottherealstanlee,3,0.8,0,False,False,https://reddit.com/r/lakers/comments/1ok9r33/drew_timme_highlights_with_some_thoughts/,https://www.youtube.com/watch?v=betwxU4fAfw,lakers,Highlights,False,youtube.com,https://external-preview.redd.it/0PPizrYNVFA611c79DhviU_kRDAzaHB4FT5F7tsPk-0.jpeg?width=140&amp;height=105&amp;auto=webp&amp;s=05a00a2f1881d45e2ad56cc74d7fc64f62fa9ce3
1ok9qrz,2025-10-30T19:49:11,Austin shares wining photo with the caption ”Family” 💜💛,,Pristine_Hurry_4693,241,1.0,23,False,False,https://reddit.com/r/lakers/comments/1ok9qrz/austin_shares_wining_photo_with_the_caption_family/,https://i.redd.it/nuialzdrzayf1.jpeg,lakers,,False,i.redd.it,https://a.thumbs.redditmedia.com/Iao3cjt4pZ3T5HUq5fFMjwFumMIDywnEBn0qjNkd0f4.jpg
1ok9ht2,2025-10-30T19:39:23,"Coach Redick: ""The reality is, we are not a free-flowing, motion, get the ball across halfcourt in 3 seconds— we try to look for opportunities to do that, that's just not who we are, we're a slower team... the reality is, guys like [Jake], Gabe, Rui, it's a bit of an adjustment with our personnel""",,sewsgup,44,1.0,11,False,False,https://reddit.com/r/lakers/comments/1ok9ht2/coach_redick_the_reality_is_we_are_not_a/,https://v.redd.it/pn16tzm1xayf1,lakers,,True,v.redd.it,https://external-preview.redd.it/MTdzemd6bTF4YXlmMRI6X3EToJHq0kvNKmKe49HB9aV0RQ2V_0QnJVdmRoz4.png?width=140&amp;height=78&amp;format=jpg&amp;auto=webp&amp;s=91be0fe309f06df821138c3a53bf6f005a859670
1ok93fz,2025-10-30T19:23:55,Mark Walter officially acquires majority stake of Lakers,"“The Los Angeles Lakers are one of the most iconic franchises in all of sports, defined by a history of excellence and the relentless pursuit of greatness,” Walter said in a statement released by the team. “Few teams carry the legacy and global influence of the Lakers, and it’s a privilege to work alongside Jeanie Buss as we maintain that excellence and set the standard for success in this new era, both on and off the court.”",hercules0003,35,0.98,7,False,False,https://reddit.com/r/lakers/comments/1ok93fz/mark_walter_officially_acquires_majority_stake_of/,https://i.redd.it/kp4mvjc9vayf1.jpeg,lakers,NEWS,False,i.redd.it,https://b.thumbs.redditmedia.com/NC3RbnhdvLr1HWt6E7OIdzQeWoTmSsOLHdvlPXiE95M.jpg
1ok8rg7,2025-10-30T19:11:23,Just having some fun here.,,ItsRainingBoats,30,0.95,2,False,False,https://reddit.com/r/lakers/comments/1ok8rg7/just_having_some_fun_here/,https://i.redd.it/z1gy2xp0tayf1.jpeg,lakers,FAN ART,False,i.redd.it,https://b.thumbs.redditmedia.com/LU_CHj9ns1O975glFYa3q_TL18JLXMNHX41zC7EqB9Q.jpg
1ok7pug,2025-10-30T18:32:01,"Just to remind you all, LA's his city, and ain't nobody is gonna trade HIM.",,Hyderabadi__Biryani,107,0.93,18,False,False,https://reddit.com/r/lakers/comments/1ok7pug/just_to_remind_you_all_las_his_city_and_aint/,https://i.redd.it/fw21rlvzlayf1.jpeg,lakers,PLAYER TALK,False,i.redd.it,https://b.thumbs.redditmedia.com/_8tLt8TEzA3OAMLSBosfXHf_5B7shiJzY29V7qbKwCQ.jpg
1ok7nmh,2025-10-30T18:29:43,How good is austin reaves top x?,"So I was thinking about this today. He is most similar to brunson imo. Brunson on most peoples list is top 10 to top 15 depending on who you ask. I know this season has been short so putting him higher than brunson is still a bit hard right now although so far this season he definately has been better.
Wondering what other people think


[View Poll](https://www.reddit.com/poll/1ok7nmh)",Financial-Monk9400,2,1.0,7,False,False,https://reddit.com/r/lakers/comments/1ok7nmh/how_good_is_austin_reaves_top_x/,https://www.reddit.com/r/lakers/comments/1ok7nmh/how_good_is_austin_reaves_top_x/,lakers,,False,self.lakers,self
1ok7gda,2025-10-30T18:22:15,Mike Breen missed out on a classic Bang! on that AR buzzer beater.,"If any play deserved a Bang! that was it man. He owed it to AR on that one. 

It was such a perfect buzzer beater with the swish!

This would have been a great one for the Breen highlight reel.

",thoseWurTheDays,1,0.55,6,False,False,https://reddit.com/r/lakers/comments/1ok7gda/mike_breen_missed_out_on_a_classic_bang_on_that/,https://www.reddit.com/r/lakers/comments/1ok7gda/mike_breen_missed_out_on_a_classic_bang_on_that/,lakers,POST GAME,False,self.lakers,self
1ok7f6j,2025-10-30T18:21:02,"Reaves response to Luka's ""🐐"" tweet",,denobino,224,1.0,19,False,False,https://reddit.com/r/lakers/comments/1ok7f6j/reaves_response_to_lukas_tweet/,https://v.redd.it/w9024ukvjayf1,lakers,VIDEO,True,v.redd.it,https://external-preview.redd.it/N2YwZ3J0a3ZqYXlmMcWXJeZfMcewY2dAsXG5fVyMLAxb1MISu60pNwyl3NaC.png?width=140&amp;height=140&amp;format=jpg&amp;auto=webp&amp;s=124435d6ffb246b95234c90a912c6a12625f7c90
1ok78rw,2025-10-30T18:14:20,Remember when people were actually debating whether Austin Reaves or Tyler Herro was the better player?,"Those old debates about who’s better, Austin or Herro (or god forbid, people saying Podz of all people was better 🤣🤣🤣)

Those convos seem so goofy now",waccedoutfurbies,15,0.89,8,False,False,https://reddit.com/r/lakers/comments/1ok78rw/remember_when_people_were_actually_debating/,https://www.reddit.com/r/lakers/comments/1ok78rw/remember_when_people_were_actually_debating/,lakers,,False,self.lakers,self
1ok6gs7,2025-10-30T17:45:31,"[Lakers] “The camaraderie that we have, that we’ve built in a short period of time, has been great.” - AR",,maestroxjay,671,1.0,67,False,False,https://reddit.com/r/lakers/comments/1ok6gs7/lakers_the_camaraderie_that_we_have_that_weve/,https://v.redd.it/ajbmv5sodayf1,lakers,,True,v.redd.it,https://external-preview.redd.it/aG94bWkwdW9kYXlmMRp1HBC7liwPXCFrRgVcSuPlJiv0FGUIcZQVuTFqDhpW.png?width=140&amp;height=140&amp;format=jpg&amp;auto=webp&amp;s=a23895d9b5fcecfb71ccd7ee77c99883e8f1cd5e
1ok67je,2025-10-30T17:35:59,ESPN’s net points system that tells you the amount of points a player adds to your team in a game,"This chart tells you on average in a game how much a player impacts the score of the game. For e.g. SGA adds 28 points to his team’s score in a game. If OKC wins a game by 2, without him they would have lost by 26. 
Look who’s the best offensive player in the league… and it’s not even close. 
",Comprehensive-Ad6687,20,0.95,16,False,False,https://reddit.com/r/lakers/comments/1ok67je/espns_net_points_system_that_tells_you_the_amount/,https://i.redd.it/vxi8vhtzbayf1.jpeg,lakers,,False,i.redd.it,https://b.thumbs.redditmedia.com/2FGlfjbXhndn73uHEM2HJ9q7QEifqjU4eiXQzXjVw0U.jpg
1ok61rq,2025-10-30T17:30:04,"Vando on IG: ""Knew he was going crazy when he pulled up to the bus like B-Rabbit"" 🤣",,CtrlAltDelightfull,1273,0.99,55,False,False,https://reddit.com/r/lakers/comments/1ok61rq/vando_on_ig_knew_he_was_going_crazy_when_he/,https://v.redd.it/2a71mhzxaayf1,lakers,SOCIAL MEDIA,True,v.redd.it,https://external-preview.redd.it/a2U5OWJjdnhhYXlmMRWxZDrdfVmdNhYkQAV0m6xDg0ZebVFsczAJIfzE_DI8.png?width=140&amp;height=140&amp;format=jpg&amp;auto=webp&amp;s=b510678cb7518c2ae035b572905e494374cfbf32
1ok5ety,2025-10-30T17:06:10,"AR top 5 in WS, BPM, and VORP this season",,Chao_607,23,0.97,2,False,False,https://reddit.com/r/lakers/comments/1ok5ety/ar_top_5_in_ws_bpm_and_vorp_this_season/,https://i.redd.it/7lehyhxn6ayf1.png,lakers,,False,i.redd.it,https://b.thumbs.redditmedia.com/TLVsIfBGo-N-fCMDHSa-465ep2Elm1rsLoKXTgIwF1o.jpg
1ok5c7x,2025-10-30T17:03:24,ART-15,,JB23808,21,0.82,2,False,False,https://reddit.com/r/lakers/comments/1ok5c7x/art15/,https://i.redd.it/53jht1t66ayf1.jpeg,lakers,,False,i.redd.it,https://b.thumbs.redditmedia.com/2HRCycWJsJ0GZ5PGQ_jRN_1_UuYbWFpXMZ8NlkFRICE.jpg
1ok4tpv,2025-10-30T16:44:32,Watch C.Finch calling a timeout at the buzzer beater,,Nykeeo,83,0.91,30,False,False,https://reddit.com/r/lakers/comments/1ok4tpv/watch_cfinch_calling_a_timeout_at_the_buzzer/,https://v.redd.it/inabra7t2ayf1,lakers,,True,v.redd.it,https://external-preview.redd.it/YTNhYmNpeHMyYXlmMQ49ixgrafzsLpqbh8fP--PH3Gd8-brg1aiZX2_nIwk3.png?width=140&amp;height=140&amp;format=jpg&amp;auto=webp&amp;s=5cf653e88fcc3b77061014f3e307802c837ae589
1ok4ouj,2025-10-30T16:39:37,After these 2 T'Wolves games I'm convinced....,"...that if we had a functional center even just of Ayton's quality, we would've won the series in the playoffs last year.  

In the two T'Wolves matchups here are the numbers: 

Ayton: 16 PPG, 9 RPG, 68% FG (15/22), OFRTG = 121, DFRTG = 116

Gobert: 5.5 PPG, 6.5 RPG, 71% FG (5/7), OFRTG = 122, DFRTG = 130.5 

Gobert is being put in drop coverage and because Ayton can make those in the paint floaters and short jumpers off the short roll, Gobert can't block any shots.  

Needless to say his effect on the the defensive end, keeping Gobert off the offensive boards has been shown even in this small sample size. 

Considering how close games 3-4 of the series were last season, where one or two possessions could've swung the game, I'm safe in making this call. ",hplalakrs20012010,31,0.92,28,False,False,https://reddit.com/r/lakers/comments/1ok4ouj/after_these_2_twolves_games_im_convinced/,https://www.reddit.com/r/lakers/comments/1ok4ouj/after_these_2_twolves_games_im_convinced/,lakers,,False,self.lakers,self
1ok48dm,2025-10-30T16:22:29,looking ahead to trade deadline...do you think will be buyers ?,i know the lakers won't do anything thing crazy to harm their future....but curious if there's anything you think we would do once the trade deadline approaches ,No_Notice_1661,0,0.29,19,False,False,https://reddit.com/r/lakers/comments/1ok48dm/looking_ahead_to_trade_deadlinedo_you_think_will/,https://www.reddit.com/r/lakers/comments/1ok48dm/looking_ahead_to_trade_deadlinedo_you_think_will/,lakers,,False,self.lakers,self
1ok479p,2025-10-30T16:21:21,BR is genuinely so bad,When I read the title I was like okay we selling high to get us a big name player. After reading the article why the hell would we sell high on Reaves just to get picks and mid level players. I understand that he’s an expiring player but we low balling ourselves selling him for nothing.,reppin_415,0,0.5,5,False,False,https://reddit.com/r/lakers/comments/1ok479p/br_is_genuinely_so_bad/,https://br.app.link/Z88cKQxkTXb,lakers,,False,br.app.link,default
1ok46c4,2025-10-30T16:20:24,Hang it in the louvre,,nick170100,219,0.99,9,False,False,https://reddit.com/r/lakers/comments/1ok46c4/hang_it_in_the_louvre/,https://i.redd.it/6adreveiy9yf1.jpeg,lakers,,False,i.redd.it,https://b.thumbs.redditmedia.com/sm16GNhVtRcc0K9xA59X5kg7Q3nCL3HFsvRtBV4lG9g.jpg
1ok40qt,2025-10-30T16:14:45,We need to praise two more from last night: Dalton Knecht and Coach JJ,"Didn't watch the game until near midnight (YouTube TV recording) due to Dodgers depression, and I thought it was going to add to a terrible night for LA sports after blowing a huge lead in the final seconds.  But AR came through, and LaRavia was just lights out all game. 

But Knecht had perhaps the most to prove, and he was given his biggest chance for a long time: 36 big minutes, amoung the highest minutes on the team.  DK4 had a below average shooting night from his signature 3 point range, but changed it up by driving and hitting inside for 2s, giving him an overall effective offensive night. 

But what stood out was Knecht's rim protection.  He was moving his ass on D.  Yes, sometimes he had to because he was slow to rotate or got a little lost, but his motor to play D was always there.  Dude showed more spatial awareness too, which always seemed lacking.  Maybe his role on team D is finally clicking in his brain.

That defensive intensity is true for the entire team, since pretty much the Second game on.  But being this short handed right now means that defensive intensity is even harder to do.  But the team defense is really working with Ayton as an anchor and guys like Knecht and Rui and everyone really flying around.  That's a huge credit to JJ and the coaching staff.  

We have that same defensive intensity that had the entire league praising the Lakers and calling us contenders last season even with AD down, right before the Luka trade.  And Luka is playing the best D of his Lakers career so far, before his unfortunate injury.  I have no complaints about Luka's team D, he's raised his level like Curry did after being picked on in the Playoffs.

Knecht is taking this opportunity to shine and stay on the floor with his play.  Last night was a big step.  If his 3 ball comes back, we don't need to trade him for anything.  We need a 3 sharpshooter, and if his defensive effort stays this high, he's the rotation piece we need in a trade anyways.  If we can get 20 minutes of NBA rotation value out of Knecht for ~$4 million a year, we can't get much better value than that in a trade. 

So hats off the Knecht last night, and JJ and the coaching staff showing their excellence too.",mcribgaming,52,0.96,17,False,False,https://reddit.com/r/lakers/comments/1ok40qt/we_need_to_praise_two_more_from_last_night_dalton/,https://www.reddit.com/r/lakers/comments/1ok40qt/we_need_to_praise_two_more_from_last_night_dalton/,lakers,,False,self.lakers,self
1ok3utw,2025-10-30T16:08:42,The NBA Board of Governors has unanimously approved the sale of the majority interest in the Los Angeles Lakers to Mark Walter,,CtrlAltDelightfull,526,0.99,68,False,False,https://reddit.com/r/lakers/comments/1ok3utw/the_nba_board_of_governors_has_unanimously/,https://i.redd.it/rqnf7offw9yf1.jpeg,lakers,,False,i.redd.it,https://a.thumbs.redditmedia.com/Y5ZT_wJS5BvjtYc1xIbgBiS7XxSSrS54lEG5tabo1R4.jpg
1ok35ca,2025-10-30T15:42:41,Lakers are a Matisse Thybulle away from being a championship contender,He's the defensive player they need. Portland's not going anywhere and it wouldn't cost much. Can you imagine Smart and Thybulle together? It would be tough to score on them.,WishOk462,0,0.2,27,False,False,https://reddit.com/r/lakers/comments/1ok35ca/lakers_are_a_matisse_thybulle_away_from_being_a/,https://www.reddit.com/r/lakers/comments/1ok35ca/lakers_are_a_matisse_thybulle_away_from_being_a/,lakers,,False,self.lakers,self
1ok34wo,2025-10-30T15:42:13,Have y’all been seeing these AR-Jeremy Lin comps?????,"There is no quicker way for me to lose any respect  for these “analysts“ than to hear some shit like this. 

My friend made this comment in our group chat and I fried him. Then I made the mistake of clicking a Stephen a clip hoping it was going to be bearable for once (remind me to never make that mistake again) and of course I hear him make the comment. And then I hear Kenny say the same thing.. I might expect that from Chuck, but Kenny?? 

There are a lot of airheads out there that need to keep AR’s name OUT of their mouths. I will happily drop them off the same way AR did to Rudy and Dante last night. ",Immediate-Line3327,30,0.81,44,False,False,https://reddit.com/r/lakers/comments/1ok34wo/have_yall_been_seeing_these_arjeremy_lin_comps/,https://www.reddit.com/r/lakers/comments/1ok34wo/have_yall_been_seeing_these_arjeremy_lin_comps/,lakers,,False,self.lakers,self
1ok2kxl,2025-10-30T15:20:47,"[Hachimura] I'm not gonna lie 3 years ago when I got traded here, I honestly didn't know about him [Reaves]. He was injured I think and he came back against the game against Milwaukee. He made that move on Giannis around the top it was a cross tween layup, and I was like ""Ooo"" he got it",,WayAdministrative679,111,1.0,6,False,False,https://reddit.com/r/lakers/comments/1ok2kxl/hachimura_im_not_gonna_lie_3_years_ago_when_i_got/,https://streamable.com/ddfiw5,lakers,PLAYER TALK,False,streamable.com,https://external-preview.redd.it/062hYKZv4AViOd6p1I4T7fDLRdqKseyVqgvNcS4dVwg.jpeg?width=140&amp;height=78&amp;auto=webp&amp;s=0edde035bbe6524b0b5775010d06110c52888563
1ok2jde,2025-10-30T15:19:10,"Jake LaRavia, DFS, AR and Dyson. Just some observations","So during the summer, Lakers fans lost their minds about not retaining DFS and instead going for a younger LaRavia. After game one, I saw a lot of hate and fans screaming for how badly the Lakers messed up the summer. 

And of course the fanbase was saying how badly we needed to trade AR. The AR and Luka can’t be together was a common argument. Especially since AR was maybe a starter according to the haters. If you brought up that Luka and Kyrie went to the finals, they quickly pointed out AR is not close to Kyrie. And that’s ignoring the fact that the point was that having two below average defenders can get you to the finals. 

A lot of fans really wanted an AR for Daniel Dyson trade. Dyson is struggling hard this early season and AR is having a fantastic start. 

So with all that being said, will Lakers fans just learn to enjoy the season.",Traditional-Goal-229,12,0.88,11,False,False,https://reddit.com/r/lakers/comments/1ok2jde/jake_laravia_dfs_ar_and_dyson_just_some/,https://www.reddit.com/r/lakers/comments/1ok2jde/jake_laravia_dfs_ar_and_dyson_just_some/,lakers,PLAYER TALK,False,self.lakers,self
1ok232e,2025-10-30T15:01:48,"Players with 25+ points, 15+ assists and a game-winning buzzer-beater in the same game: Magic Johnson, LeBron James, and now Austin Reaves","Source: [https://www.basketball-reference.com/friv/buzzer-beaters.html](https://www.basketball-reference.com/friv/buzzer-beaters.html)

In 1989, Magic Johnson hit his 3rd career buzzer-beater in a 118-116 win over the Suns. He also had 34 points and 18 assists: [https://www.basketball-reference.com/boxscores/198903260LAL.html](https://www.basketball-reference.com/boxscores/198903260LAL.html)

In 2018, LeBron James hit his 5th career buzzer-beater in a 140-138 win over the Wolves. He finished with 37 points and 15 assists: [https://www.basketball-reference.com/boxscores/201802070CLE.html](https://www.basketball-reference.com/boxscores/201802070CLE.html)",Basketball_Reference,35,0.93,0,False,False,https://reddit.com/r/lakers/comments/1ok232e/players_with_25_points_15_assists_and_a/,https://www.reddit.com/r/lakers/comments/1ok232e/players_with_25_points_15_assists_and_a/,lakers,STATS / ANALYTICS,False,self.lakers,self
1ok19of,2025-10-30T14:30:07,Redick calls Austin a “bad dude”,"What did he mean when he said AR is a “bad dude”? In the postgame conference Redick also added “you know, a bad — again, I can’t use certain words”",ladystonys,110,1.0,16,False,False,https://reddit.com/r/lakers/comments/1ok19of/redick_calls_austin_a_bad_dude/,https://i.redd.it/y6rn62aue9yf1.jpeg,lakers,,False,i.redd.it,https://b.thumbs.redditmedia.com/sc5Nqp2-7hkqvDHxiiXpgRcn-mwdM6XVaaGhZyWrsZk.jpg
1ok19fd,2025-10-30T14:29:50,[NBA University] League leaders in Total Drives + Drive FG%,,WayAdministrative679,52,1.0,12,False,False,https://reddit.com/r/lakers/comments/1ok19fd/nba_university_league_leaders_in_total_drives/,https://i.redd.it/b467nohne9yf1.jpeg,lakers,STATS / ANALYTICS,False,i.redd.it,https://b.thumbs.redditmedia.com/JeL1fhe9PIuoK7XFdB6KCtAv_CzyKTuMAinueOLclCg.jpg
1ok14ez,2025-10-30T14:24:16,Austin Reaves is the first Laker to start a season with 5 STRAIGHT 25-PT games since Kobe Bryant in 2005 🤝🔥,,catmeow808,440,1.0,18,False,False,https://reddit.com/r/lakers/comments/1ok14ez/austin_reaves_is_the_first_laker_to_start_a/,https://i.redd.it/wyvdvklsd9yf1.jpeg,lakers,PLAYER TALK,False,i.redd.it,https://b.thumbs.redditmedia.com/NbsSbZUu9kxc6ZORUqMSNF6bNrZtB9OPGC3lKdKfcXE.jpg
1ok0y3k,2025-10-30T14:17:24,No One Has Been Better At Attacking The Rim This Season Than Luka Doncic!,"Best FG% On Drives So Far In The 2025-26 NBA Regular Season (Min. 30 Total Drives) :
                       
1.  Luka Doncic  —  85.0%  
2.  Giannis Antetokounmpo  —  75.0% 
3.  Victor Wembanyama  —  73.7% 
4.  Zach LaVine  —  73.3% 
5.  Payton Pritchard  —  72.2% 
6.  Jalen Johnson  —  71.4% 
7.  Jeremiah Fears  —  70.8%
8.  Austin Reaves  —  70.7%
9.  Jaime Jaquez Jr.  —  68.4%",Stat-Defender,38,0.93,3,False,False,https://reddit.com/r/lakers/comments/1ok0y3k/no_one_has_been_better_at_attacking_the_rim_this/,https://i.redd.it/nbx4slfkc9yf1.jpeg,lakers,,False,i.redd.it,https://b.thumbs.redditmedia.com/AU7yhlJwjiftv36RqZwsC_MRDwBHEEO4-djwAptFGVU.jpg
1ok0j7l,2025-10-30T14:01:10,Daily Lakers Discussion Thread,Lakers season is back! Talk about whatever you want.,AutoModerator,6,0.88,129,False,True,https://reddit.com/r/lakers/comments/1ok0j7l/daily_lakers_discussion_thread/,https://www.reddit.com/r/lakers/comments/1ok0j7l/daily_lakers_discussion_thread/,lakers,,False,self.lakers,self
1ok0fx1,2025-10-30T13:57:48,Do you guys think OKC trying to trade for AR is a possibility?,"It seems like he'd fit right in with their young core honestly, I don't want AR to go but just hypothetically speaking - what would you ask for in return? ",lolBaldy,0,0.3,15,False,False,https://reddit.com/r/lakers/comments/1ok0fx1/do_you_guys_think_okc_trying_to_trade_for_ar_is_a/,https://www.reddit.com/r/lakers/comments/1ok0fx1/do_you_guys_think_okc_trying_to_trade_for_ar_is_a/,lakers,QUESTION,False,self.lakers,self
1ok07uj,2025-10-30T13:48:51,"Austin Reaves is the best player of the season, according to Real",Reaves has been a fucking killer. His counting stats will definitely go down once Luka is back but the narrative for Most Improved and All NBA is there. He’s been MVP caliber this week honestly. ,daddybronny,283,0.99,50,False,False,https://reddit.com/r/lakers/comments/1ok07uj/austin_reaves_is_the_best_player_of_the_season/,https://i.redd.it/987vr11h79yf1.jpeg,lakers,PLAYER TALK,False,i.redd.it,https://b.thumbs.redditmedia.com/hNm-lA6m8VMfMtgMcC1wEZd6ymJ2sGSTyWhk0WHE6Is.jpg
1ojzxcu,2025-10-30T13:37:09,LeBron's best role on the team?,"The last two weeks have made clear that, in Luka and AR, we have two of the best players in the league in leading the offense and carving up defenses. Once Luka returns, there is no reason why either or both of them can’t be on the court at all times playing that role.

That is basically the same offensive role that LeBron has been playing in the league for 20 years. Once LeBron returns to the court, what do you see as his best role on the team going forward?",markjay6,0,0.5,38,False,False,https://reddit.com/r/lakers/comments/1ojzxcu/lebrons_best_role_on_the_team/,https://www.reddit.com/r/lakers/comments/1ojzxcu/lebrons_best_role_on_the_team/,lakers,,False,self.lakers,self
1ojyq6y,2025-10-30T12:46:25,Possible Cap Situation at 2026 Summer,"I am not an expert about cap, i will do a projection as much as i can. Thanks to Bryan Toporek from Silverscreenandroll, i get most of the info from what he wrote. If lebron stays and sign an max contract with us we dont have any cap space anyway, so i will do the projection like lebron leaves. We have only 6 players under contract for 2026-2027 season; 

Doncic 49,8m

Vanderbilt 12,4m 

Laravia 6m 

Knecht 4,2m 

Bronny 2,3m (1,3m guaranteed i guess and will be released probably for it after lebron leaves)

Adou Thiero 2,1m

There are 3 players have a player option for next season; Ayton(8,1m), Smart(5,4m), Reaves (14,9m). Reaves will opt out and probably sign a max contract with lakers looking the way he performs. His max contract are 5 years 247m. starting with 42,5m first year. His cap hold is 21m. If smart and ayton opt out we will have around 69m, If they opt in we will have around 55m cap. If smart and ayton performs at the level we expect, they will opt out and sign for more money/longer contract with lakers or some other team. So i will assume they opt out for projection. So 2026 summer we will have 69m cap space and our roster will look like this;

Doncic, Reaves, Vanderbilt, Laravia, Knecht, Adou Thiero

We need 3 starters( sf, pf and center). We need at least one decent backup guard, we need at least one decent backup center and some rotation players for min contracts maybe. We can keep rui for 17-23m per year probably. We can probably keep ayton for around 35m-45m 3 years, we can use mle for him if we have mle. Or we can try to sign new players instead of them. There is a 2027 summer plan talk going around, i dont believe that at all. we will not have cap space at 2027 summer after 2026 summer signings. We need positive assets to trade for a star if we want an another star. So 2026 summer signings are very important. We have 69m cap space and possibly full mle; looking at 2026 free agents; who do you think can be good addition to our roster and a valuable trade asset for future? ",Cheyenne______,6,1.0,19,False,False,https://reddit.com/r/lakers/comments/1ojyq6y/possible_cap_situation_at_2026_summer/,https://www.reddit.com/r/lakers/comments/1ojyq6y/possible_cap_situation_at_2026_summer/,lakers,,False,self.lakers,self
1ojwzvw,2025-10-30T11:22:32,Just wanted to amend this meme because AR ain’t a Charmeleon,"He’s evolved into a fully-fledged Charizard. Jake has been playing well, I’d say he’s earned the Charmeleon spot after last night’s game. 

Shoutout to Knecht who had a nice game last night as well (just need the 3 to come back)",PureChef,349,0.98,37,False,False,https://reddit.com/r/lakers/comments/1ojwzvw/just_wanted_to_amend_this_meme_because_ar_aint_a/,https://i.redd.it/a6z7bsddh8yf1.jpeg,lakers,MEME,False,i.redd.it,https://a.thumbs.redditmedia.com/jPXg6l3q3hSCl6TC9GtW_fbTWosAQZb1fSGSZAT6Ng8.jpg
1ojwp9h,2025-10-30T11:06:11,How fortunate are the Lakers fans and why not every player has what it takes to play here,"Single-game career highs as a Laker

Stat 	Player	Value

Points:	Kobe Bryant	        81

Rebs:	Wilt Chamberlain	55

Assists:	Magic Johnson	24

Steals:	Kobe Bryant	        10

Blocks:	Kareem Abdul-Jabbar	12

I feel like sometimes a few Lakers fans that arrived late to the party following their favorite players don't have a clue that it doesn't matter what they have seen, a long time Lakers fan probably have already seen more.

A superstar need some serious balls to play here because the bar is set sky high for everything.",LudwigNasche,18,0.85,2,False,False,https://reddit.com/r/lakers/comments/1ojwp9h/how_fortunate_are_the_lakers_fans_and_why_not/,https://www.reddit.com/r/lakers/comments/1ojwp9h/how_fortunate_are_the_lakers_fans_and_why_not/,lakers,,False,self.lakers,self
1ojw8gp,2025-10-30T10:40:11,"[Highlight] Jake LaRavia goes off: 27 PTS, 10/11 FG, 5/6 3PT as Lakers beat Wolves",,Chemical-Glass-5841,80,0.99,4,False,False,https://reddit.com/r/lakers/comments/1ojw8gp/highlight_jake_laravia_goes_off_27_pts_1011_fg_56/,https://streamable.com/mdjnac,lakers,,False,streamable.com,https://external-preview.redd.it/3eS-FXF4svd3mEpo2P0w5E3IiUcs-EnHxiVkXGbYkMg.jpeg?width=140&amp;height=78&amp;auto=webp&amp;s=7d872c37cb415947db6b1a18c35c8c5ac0551c86
1ojvw1d,2025-10-30T10:20:06,This one aged like milk,,bigbadbernard,15,0.81,9,False,False,https://reddit.com/r/lakers/comments/1ojvw1d/this_one_aged_like_milk/,https://v.redd.it/l401zml1glwf1,lakers,PLAYER TALK,False,v.redd.it,https://external-preview.redd.it/RmFoAWHze6Wb6hdgz2yFs5mojiR-3JmDy4K4OCnWx4k.png?width=140&amp;height=73&amp;auto=webp&amp;s=6f560740ad4d77a7f8857497d97a0ce086a5611d
1ojvrqo,2025-10-30T10:12:53,Jake Laravia nickname,"I think his defense especially on athletic guards is serviceable. Not game changing. But today, he stepped up big time. Hyper efficient game. Every single point mattered. Time to give him a monicker. “The Kingdom”. What do you guys think?",not4hookups,3,0.59,33,False,False,https://reddit.com/r/lakers/comments/1ojvrqo/jake_laravia_nickname/,https://www.reddit.com/r/lakers/comments/1ojvrqo/jake_laravia_nickname/,lakers,,False,self.lakers,self
1ojvqan,2025-10-30T10:10:30,Austhim reaves,"Nothing more needed to say. That is going to be my new nickname for him from now on.
We got 3 legit first options. Excited for when lebron and luka come back",Financial-Monk9400,3,0.61,1,False,False,https://reddit.com/r/lakers/comments/1ojvqan/austhim_reaves/,https://www.reddit.com/r/lakers/comments/1ojvqan/austhim_reaves/,lakers,,False,self.lakers,self
1ojvloe,2025-10-30T10:03:03,LA team only needs few minor changes,"Whether this team will add someone by the trade deadline or not.. This team only needs minor changes! I hope even after Bron retires, we can get two good role players, rather that one allstar except if it complements Luka and Reaves so well it would be a no brainer to get him. Otherwise I am against this so called superteams, where all the big names are.. But have miserable result in comparison to other young teams.. So.. If I hear Durant wants to come.. Hell NO!

  
But we need to pay Ayton and Reaves and extend them. But I think core team is set. ",NoTimeForFame,2,0.58,11,False,False,https://reddit.com/r/lakers/comments/1ojvloe/la_team_only_needs_few_minor_changes/,https://www.reddit.com/r/lakers/comments/1ojvloe/la_team_only_needs_few_minor_changes/,lakers,,False,self.lakers,self
1ojv60h,2025-10-30T09:36:10,[Highlight] Ayton posts 17-10 on 73% shooting vs Wolves,,Chemical-Glass-5841,71,1.0,16,False,False,https://reddit.com/r/lakers/comments/1ojv60h/highlight_ayton_posts_1710_on_73_shooting_vs/,https://streamable.com/cuoiez,lakers,HIGHLIGHTS,False,streamable.com,https://external-preview.redd.it/LM5t8WvT0LtTjKbHYwc-8LAS5AvTK4dFUvnreQeRRzU.jpeg?width=140&amp;height=78&amp;auto=webp&amp;s=b503eea7b1528905e019eb614aa5245815e08466
1ojuxg0,2025-10-30T09:20:37,It's happening!,,PartyBusRuss,29,0.79,3,False,False,https://reddit.com/r/lakers/comments/1ojuxg0/its_happening/,https://i.redd.it/lu7zlathv7yf1.jpeg,lakers,,False,i.redd.it,https://b.thumbs.redditmedia.com/w2WazGM0phDAABYysajTHAEcY4VDT4sJol2pTZ_OzCU.jpg
1ojul3b,2025-10-30T08:58:13,Who's the worst Laker ever?,The antigoat ,lucasmancini1123,0,0.38,26,False,False,https://reddit.com/r/lakers/comments/1ojul3b/whos_the_worst_laker_ever/,https://i.redd.it/64yiaz4kr7yf1.jpeg,lakers,,False,i.redd.it,https://b.thumbs.redditmedia.com/dWrPIeqSuJP7y_7n8kYodHBpKWv8vlUuo1lAqN21VMI.jpg
1ojukiv,2025-10-30T08:57:09,Austin Reaves game-winner buzzer-beater vs. the Minnesota Timberwolves (with replays). EN1|EN2|ES1|EN3|EN4|EN5. HD version,,MrBuckBuck,65,1.0,6,False,False,https://reddit.com/r/lakers/comments/1ojukiv/austin_reaves_gamewinner_buzzerbeater_vs_the/,https://v.redd.it/kltejov4m7yf1,lakers,HIGHLIGHTS,True,v.redd.it,https://external-preview.redd.it/cjlzcTBvdjRtN3lmMbmSyj_n20mvDJFb5udcx3CxdfL1X5V_4EYF-zXVHFxj.png?width=140&amp;height=78&amp;format=jpg&amp;auto=webp&amp;s=2e81b0f725407cb13f30ac8f4bf102640d88c11d
1ojtycx,2025-10-30T08:14:52,Hol' up ...,,jonbemerkin,95,0.97,12,False,False,https://reddit.com/r/lakers/comments/1ojtycx/hol_up/,https://i.redd.it/ami6icesj7yf1.jpeg,lakers,,False,i.redd.it,https://a.thumbs.redditmedia.com/ztVLFxcRiQuyt2Yt7RiSLp67OVL0qiugmfaU-sK2VM0.jpg
1ojttea,2025-10-30T08:05:12,What do you guys think of this really smart trade idea I got from this sub?,"This trade, Goga Bitadze for Austin Reaves, was upvoted back in the offseason. Still worth pursuing?",prodij18,21,0.87,9,False,False,https://reddit.com/r/lakers/comments/1ojttea/what_do_you_guys_think_of_this_really_smart_trade/,https://i.redd.it/uhbphce7g7yf1.png,lakers,TRADE DISCUSSION,False,i.redd.it,https://a.thumbs.redditmedia.com/pHFfcQQUh4AfnikpqGpgcP59q7A15_IVxE8TVlR3nR0.jpg
1ojtm77,2025-10-30T07:51:06,Luka and Bron injuries might actually be a blessing in disguise,"Not only did it elevate Reaves confidence to the next level, It's also making the team learn how to not be self-reliant on the 2 stars. This actually ended up improving our depth.

Now when Luka and LeBron returns, we will have rotational players who are confident as ever.",Cold_Dog_5234,39,0.9,18,False,False,https://reddit.com/r/lakers/comments/1ojtm77/luka_and_bron_injuries_might_actually_be_a/,https://www.reddit.com/r/lakers/comments/1ojtm77/luka_and_bron_injuries_might_actually_be_a/,lakers,,False,self.lakers,self
1ojtj84,2025-10-30T07:45:26,The final correct version,,PlatinumRaptor95,91,0.94,8,False,False,https://reddit.com/r/lakers/comments/1ojtj84/the_final_correct_version/,https://i.redd.it/h9wvclnle7yf1.jpeg,lakers,MEME,False,i.redd.it,https://b.thumbs.redditmedia.com/nQ_iIorapwpfGPpaIBrexjDvp5heKtN-tUbhqjqXNGw.jpg
1ojtbkc,2025-10-30T07:30:46,Elite company,,malxkry,47,0.94,1,False,False,https://reddit.com/r/lakers/comments/1ojtbkc/elite_company/,https://i.redd.it/xwth0gvzb7yf1.png,lakers,PLAYER TALK,False,i.redd.it,https://b.thumbs.redditmedia.com/KVpAyqrYwRNtaiIcsKNjXduDVj2xlfce4gGSzkWOGHM.jpg
1ojt7uq,2025-10-30T07:23:39,"[Woike] Reaves texted LaRavia after his rough game. “Keep your head up big dog,” he wrote to LaRavia. “I don’t care if you miss a hundred shots in a row. Keep shooting that b—. You’re open. We need you right now. You’ve been great. Flush the last one. “I got you,” LaRavia replied.","&gt;On the court, Reaves got mobbed. On his walk off of it, president of basketball operations Rob Pelinka draped his arm over Reaves’ shoulders.

&gt;And in the locker room Vanderbilt, just half-kidding, talked about where Reaves would be in the MVP race five games into the season.

&gt;“Obviously we know how good he is, whether he’s first, second, third, fourth option, whatever,” Vanderbilt told *The Athletic*. “But for now, for the world to see what we already knew — obviously we don’t want anybody to get injured but when injuries happen, this gives people opportunity to showcase other stuff — he’s proving right now what he could do with that.”

\---

&gt;Monday as he rode home postgame with his friend, Trent Swaim, driving, Reaves texted LaRavia after his rough game.

&gt;“Keep your head up big dog,” he wrote to LaRavia. “I don’t care if you miss a hundred shots in a row. Keep shooting that b—. You’re open. We need you right now. You’ve been great. Flush the last one.

&gt;“I got you,” LaRavia replied.

&gt;After hitting 10-of-11 from the field Wednesday, LaRavia crashed Reaves’ postgame interview with ESPN to celebrate with his teammate. He had responded.

&gt;“If you asked me two years ago if I said that to somebody, if it meant anything, I don’t know if it would’ve,” Reaves told *The Athletic*. “But like I do feel now that it is impactful to encourage these guys.”",sewsgup,996,1.0,46,False,False,https://reddit.com/r/lakers/comments/1ojt7uq/woike_reaves_texted_laravia_after_his_rough_game/,https://www.nytimes.com/athletic/6762260/2025/10/30/austin-reaves-buzzer-beater-lakers-timberwolves/?source=emp_shared_article,lakers,,False,nytimes.com,https://external-preview.redd.it/DCKk5DyP9A5lx7odnMBiWtVKb_GlthJ9_D26RB2CiiM.jpeg?width=140&amp;height=93&amp;auto=webp&amp;s=b6bdb5b68ac41edf9a60286582b22ae526101326
1ojsnfj,2025-10-30T06:46:01,Marcus smart also had a taste of AR15's game winner,,tangpkm,122,0.99,10,False,False,https://reddit.com/r/lakers/comments/1ojsnfj/marcus_smart_also_had_a_taste_of_ar15s_game_winner/,https://v.redd.it/sfxk50sz37yf1,lakers,HIGHLIGHTS,True,v.redd.it,https://external-preview.redd.it/eDhqeXBsYjE0N3lmMQeLgtfmEYL2LVoVvqahnK2O-XWw9x0KMWWDXXfJTfnL.png?width=140&amp;height=78&amp;format=jpg&amp;auto=webp&amp;s=4ab274f2c07cd895a5a254de1cb72e8ce363c1d8
1ojsm46,2025-10-30T06:43:42,This man loves Austin Reaves…,"And we do too. 

Just listening to the post game conference and you can really sense how much JJ really loves and appreciates AR’s game and confidence. 

I have been a lifelong Lakers fan and have struggled paying attention during these LeBron years (I’m not the biggest fan), but I am locked in because of Austin. I hope he has a tremendous career. ",Decent_Cheetah2867,76,0.97,19,False,False,https://reddit.com/r/lakers/comments/1ojsm46/this_man_loves_austin_reaves/,https://i.redd.it/itvndxkm37yf1.jpeg,lakers,,False,i.redd.it,https://b.thumbs.redditmedia.com/kLiwQZpozfhZqnma0pI_-WdKl7EdVhgVvmmVbL2j0FE.jpg
1ojsjhn,2025-10-30T06:38:39,Austin Gives Me Life!,,TangoThisMango,80,0.98,0,False,False,https://reddit.com/r/lakers/comments/1ojsjhn/austin_gives_me_life/,https://i.redd.it/b9lu5qom27yf1.jpeg,lakers,MEME,False,i.redd.it,https://a.thumbs.redditmedia.com/IMJet5WkgIkVeKXmrcIcFZpHwgTs05Vt_JQWMhQMop0.jpg
1ojsesc,2025-10-30T06:29:57,West LA Watch Parties?,I was watching argentina vs brasil earlier today and it was PACKED with a lot of fans at the brazilian restaurants. Then went home and watched the game winner with Lakers and was happy but also sad because I don’t have anyone to share it with. Are there any common watch party in west la where fans will watch most of the games together? Would love to join a group and watch 80-90% of the games together.,vibecodingmonkey,9,0.91,1,False,False,https://reddit.com/r/lakers/comments/1ojsesc/west_la_watch_parties/,https://www.reddit.com/r/lakers/comments/1ojsesc/west_la_watch_parties/,lakers,,False,self.lakers,self
1ojscp4,2025-10-30T06:26:17,Standing ovation for AR Doncic. Perfect example of hard work and student of the game. Lebron mentored him well over the years.,,SwimGroundbreaking64,77,0.95,19,False,False,https://reddit.com/r/lakers/comments/1ojscp4/standing_ovation_for_ar_doncic_perfect_example_of/,https://i.redd.it/zelm07tlz6yf1.jpeg,lakers,,False,i.redd.it,https://a.thumbs.redditmedia.com/ppBbQ3w8OBuTr0roQG25sUDE5s8dKlHKFr33eU4jWg8.jpg
1ojs6sj,2025-10-30T06:15:34,The Lakers have the best backcourt in the NBA,"I expected our backcourt to be good. Maybe even approaching elite. But no. They’re better than that.

Luka is one of the two best guards in the NBA alongside Shai

Austin is playing at a high enough level to where I feel comfortable putting him in the Garland/Ja tier.

He and Luka are both in their mid 20s

Can’t believe this is our life right now

(To be clear, I know Luka defends bigger players. So did Magic Johnson and people call him the best point guard ever. Luka is a point guard.)",waccedoutfurbies,32,0.93,15,False,False,https://reddit.com/r/lakers/comments/1ojs6sj/the_lakers_have_the_best_backcourt_in_the_nba/,https://www.reddit.com/r/lakers/comments/1ojs6sj/the_lakers_have_the_best_backcourt_in_the_nba/,lakers,TEAM TALK,False,self.lakers,self
1ojs65n,2025-10-30T06:14:21,"New Jeremy Lin? Come on, Kenny 🤡🤡",,Top-Entertainment945,77,0.93,53,False,False,https://reddit.com/r/lakers/comments/1ojs65n/new_jeremy_lin_come_on_kenny/,https://v.redd.it/wd2ea5hcy6yf1,lakers,,True,v.redd.it,https://external-preview.redd.it/eHd3bTZmaWN5NnlmMc0-vax0XZdpx-pEfzF3kG5pUiTu9QSzl3Zskf9jJKmE.png?width=140&amp;height=78&amp;format=jpg&amp;auto=webp&amp;s=2f1fca7e23c94a6dccc442280a68b59c4125a3d4
1ojs3lt,2025-10-30T06:09:35,We’ve got our second Luka,,Milesi999,45,0.95,10,False,False,https://reddit.com/r/lakers/comments/1ojs3lt/weve_got_our_second_luka/,https://i.redd.it/jj91bnfjx6yf1.jpeg,lakers,,False,i.redd.it,https://b.thumbs.redditmedia.com/jTQNqwVtJqlg6saEH4zAYix0WsMDDyp6Bey_YlxGqaQ.jpg
1ojs1fo,2025-10-30T06:05:36,Austin Reaves agenda posting will not stop,(Ik Luka is better but let AR have his moment),Diaxmond,31,0.92,0,False,False,https://reddit.com/r/lakers/comments/1ojs1fo/austin_reaves_agenda_posting_will_not_stop/,https://v.redd.it/ykn5pkmgw6yf1,lakers,MEME,True,v.redd.it,https://external-preview.redd.it/NjN5aGNrbWd3NnlmMQqjRqdSzYehrbJaMIJjtVkPRDd7MMZPUGsxbF84RT0U.png?width=140&amp;height=140&amp;format=jpg&amp;auto=webp&amp;s=2c1897914fa798d6725ad6a3358db47c9df263a7
1ojrxsi,2025-10-30T05:59:19,AUSTINSANITY IS UPON US,,SlatheredButtCheeks,22,0.78,2,False,False,https://reddit.com/r/lakers/comments/1ojrxsi/austinsanity_is_upon_us/,https://i.redd.it/xakjypijv6yf1.png,lakers,APPRECIATION,False,i.redd.it,https://b.thumbs.redditmedia.com/vnyAFxybaxX91CZvFG_eJQ5napaT-lXke_29wYxNETk.jpg
1ojrxjb,2025-10-30T05:58:51,Dear Austin Reaves - I love you,,CompetitiveBike4626,31,0.95,1,False,False,https://reddit.com/r/lakers/comments/1ojrxjb/dear_austin_reaves_i_love_you/,https://i.redd.it/o58n1xemv6yf1.jpeg,lakers,APPRECIATION,False,i.redd.it,https://b.thumbs.redditmedia.com/UxgEfDloIQwuWUrTIVLKRvPIZyX_UEjo0k3Ss5Qdo0M.jpg
1ojrky1,2025-10-30T05:36:46,AR-15 = All-Star '26,"Austin Reaves adds a game winner to what is already the best All-Star campaign of this early season!

40 ball ✅ 
50 ball ✅ 
Multiple 25/10 games ✅
Game winner ✅

AR is HIM, and HIM is an All-Star! ",YoungBasedHooper,46,0.98,0,False,False,https://reddit.com/r/lakers/comments/1ojrky1/ar15_allstar_26/,https://i.redd.it/q2745fpor6yf1.jpeg,lakers,,False,i.redd.it,https://b.thumbs.redditmedia.com/JiXXHZ7iaRaTXcoxULp64h_XwUlBph7x3Ar9CNWZxXA.jpg
1ojrgtw,2025-10-30T05:29:50,Ant doesn't know Jake LaRavia 😅,,catmeow808,224,0.98,41,False,False,https://reddit.com/r/lakers/comments/1ojrgtw/ant_doesnt_know_jake_laravia/,https://v.redd.it/px03589fq6yf1,lakers,MEME,True,v.redd.it,https://external-preview.redd.it/dW9xbnc3bGVxNnlmMTUnNrbJEvG7wB9ERt6G4RqWZOcFU0bCFq1tfQYVW22f.png?width=140&amp;height=140&amp;format=jpg&amp;auto=webp&amp;s=3cfba9b440a15b7fd498e96c529529e9f15ca02d
1ojrc75,2025-10-30T05:21:55,"Yeah, uh, about that...",,andrewsign,33,0.89,15,False,False,https://reddit.com/r/lakers/comments/1ojrc75/yeah_uh_about_that/,/r/nba/comments/1mpe5vb/assuming_they_were_both_making_40_million/,lakers,,False,,default
1ojr9xw,2025-10-30T05:17:59,Ant went to congratulate AR after the win 💜,,CtrlAltDelightfull,1984,0.99,95,False,False,https://reddit.com/r/lakers/comments/1ojr9xw/ant_went_to_congratulate_ar_after_the_win/,https://i.redd.it/mebwbjzbo6yf1.jpeg,lakers,,False,i.redd.it,https://b.thumbs.redditmedia.com/fE9__njbQi0eithOkrBzIH6i35ujPgxeXWyHj9HEfuw.jpg
1ojr3i9,2025-10-30T05:07:07,GO WIN THE BALL GAME AR!!! 😆🟡🟣,,Winter-Gur-9762,51,0.98,0,False,False,https://reddit.com/r/lakers/comments/1ojr3i9/go_win_the_ball_game_ar/,https://i.redd.it/85pdlu7em6yf1.jpeg,lakers,APPRECIATION,False,i.redd.it,https://b.thumbs.redditmedia.com/ivApzD2GJjG-Ke8p4WqZLm6RDTiyOCFIcWW-ZQLtYuw.jpg
1ojr1vp,2025-10-30T05:04:30,Coldest white boy on the Lakers,,Whyamibeautiful,65,0.91,1,False,False,https://reddit.com/r/lakers/comments/1ojr1vp/coldest_white_boy_on_the_lakers/,https://v.redd.it/ygomkgfxl6yf1,lakers,PLAYER TALK,True,v.redd.it,https://external-preview.redd.it/Z2szMzU1ZXhsNnlmMXGq45qHALyXiU9_1IuBRrexsoZuq4niwpKBM66Vbyf3.png?width=140&amp;height=69&amp;format=jpg&amp;auto=webp&amp;s=2aac46244d9088e2f4cfe71428033c5ce65e5187
1ojqzbm,2025-10-30T05:00:32,Luka’s IG story 🔥,,arigatou12,1057,1.0,34,False,False,https://reddit.com/r/lakers/comments/1ojqzbm/lukas_ig_story/,https://i.redd.it/74jq72u7l6yf1.jpeg,lakers,SOCIAL MEDIA,False,i.redd.it,https://b.thumbs.redditmedia.com/Rx18x7Qgp3rZKBs9lECjg-s2NTisRAVDEhWlONy-kFs.jpg
1ojquxb,2025-10-30T04:53:25,Giving some of the best defenders in the league the business 🤴🏼,,gisakuman,204,1.0,43,False,False,https://reddit.com/r/lakers/comments/1ojquxb/giving_some_of_the_best_defenders_in_the_league/,https://i.redd.it/nm59ff9yj6yf1.jpeg,lakers,MEME,False,i.redd.it,https://a.thumbs.redditmedia.com/FZOA2pEFiwKDRlktMcWLhsycvrIZAfBuSmfSKiQ_Tw4.jpg
1ojqtfb,2025-10-30T04:50:59,Anthony Edwards telling Austin Reaves you’re him after their win today 🤣,,supremefearofgod,22,0.81,1,False,False,https://reddit.com/r/lakers/comments/1ojqtfb/anthony_edwards_telling_austin_reaves_youre_him/,https://youtube.com/shorts/U0wS7vHgRDg?si=Cht8CnGnYpitThff,lakers,,False,youtube.com,https://external-preview.redd.it/KrDQvrR9Xf6oIlaqXizEi-T9FfbtPd8velbjhf0oP5w.jpeg?width=140&amp;height=105&amp;auto=webp&amp;s=37ef2f9f140e99efd0c20cca757fae22351d4837
1ojqrqv,2025-10-30T04:48:20,Ringer top 100 players for 25/26 season year-round ranking,Last updated Oct 15.... Update that shit right now!,goatnxtinline,37,1.0,10,False,False,https://reddit.com/r/lakers/comments/1ojqrqv/ringer_top_100_players_for_2526_season_yearround/,https://i.redd.it/0n5sz2wfi6yf1.jpeg,lakers,PICTURE,False,i.redd.it,https://b.thumbs.redditmedia.com/aElUzUSABPfAoLSip_8t4Q3m0-7nQ9ZRs60j3PiaE3M.jpg
1ojqrle,2025-10-30T04:48:03,Austin This Season 💯💪🏼,,TheAnonymousOpinion,53,0.96,1,False,False,https://reddit.com/r/lakers/comments/1ojqrle/austin_this_season/,https://v.redd.it/nq0z0nnzi6yf1,lakers,,True,v.redd.it,https://external-preview.redd.it/aGEwb21maHppNnlmMUYSFW_Ww57Qe648y94yUHK2Ki0tm7ErzjHcG5--r9jw.png?width=140&amp;height=78&amp;format=jpg&amp;auto=webp&amp;s=98e946961d384895680dd181bac849ef9e39e8ac
1ojqoq9,2025-10-30T04:43:26,Austin Reaves' buzzer beater against the Timberwolves (Center-court view),,Virtual_Success5530,162,1.0,10,False,False,https://reddit.com/r/lakers/comments/1ojqoq9/austin_reaves_buzzer_beater_against_the/,https://v.redd.it/lybff7h4i6yf1,lakers,HIGHLIGHTS,True,v.redd.it,https://external-preview.redd.it/NWEwZmZnaDRpNnlmMaZSzesDH6HNkhJeUQNxN9mFDGCmIc32C26JXIs0Ag96.png?width=140&amp;height=140&amp;format=jpg&amp;auto=webp&amp;s=c4ab0d59d29b985bb4b5505f6769c5c8e2db8327
1ojqokk,2025-10-30T04:43:09,AR pleading for Luka and LeBron to comeback 😂,,Doten1,568,1.0,20,False,False,https://reddit.com/r/lakers/comments/1ojqokk/ar_pleading_for_luka_and_lebron_to_comeback/,https://v.redd.it/6p5mjv94i6yf1,lakers,,True,v.redd.it,https://external-preview.redd.it/aWZzdnpvNTRpNnlmMQoH452zqTaRHEtpTpn3u2X3FmIlrRaPQExoxhk-kNG0.png?width=140&amp;height=78&amp;format=jpg&amp;auto=webp&amp;s=aaafd9420bd8db575c692f37d6a4ce7dd8bcaa0e
1ojqme0,2025-10-30T04:39:40,Austin Reaves' CRAZY Game-Winning Floater! #TissotBuzzerBeater,"[https://youtu.be/AnB7HSNoDNE?si=XGY5oRcF3hKpZMNa](https://youtu.be/AnB7HSNoDNE?si=XGY5oRcF3hKpZMNa)

0:16 Rui was flinging AR's headband and Smart got sweat on his mouth LOOOLLL I'm dying",Beautiful-Guard-7770,39,1.0,0,False,False,https://reddit.com/r/lakers/comments/1ojqme0/austin_reaves_crazy_gamewinning_floater/,https://www.reddit.com/r/lakers/comments/1ojqme0/austin_reaves_crazy_gamewinning_floater/,lakers,,False,self.lakers,self
1ojqjqf,2025-10-30T04:35:20,✨ 🎦,,Doten1,264,0.99,21,False,False,https://reddit.com/r/lakers/comments/1ojqjqf/_/,https://i.redd.it/j8ax3o4qg6yf1.jpeg,lakers,,False,i.redd.it,https://b.thumbs.redditmedia.com/JPnQpVXeUcKsdOoNA-R5LsZIzUSdV8Jn22C8NIz4DcE.jpg
1ojqjcw,2025-10-30T04:34:45,Austin Reaves full postgame interview on the court after hitting the game-winner buzzer-beater vs. Timberwolves,,incredibleamadeuscho,71,1.0,1,False,False,https://reddit.com/r/lakers/comments/1ojqjcw/austin_reaves_full_postgame_interview_on_the/,https://streamable.com/z1dojv,lakers,,False,streamable.com,https://external-preview.redd.it/zzpTM5k_Kne5qNHyXyMBhRS9KKWr3q114wXrac50jqk.jpeg?width=140&amp;height=78&amp;auto=webp&amp;s=f371263795c897377103000cb0da97ce1a1f69eb
1ojqj7u,2025-10-30T04:34:31,LaRavia and Reaves were absolute fucking beasts tonight. Although we THREW that 20 point lead for no good reason.,,BlingyBroccoli,100,1.0,21,False,False,https://reddit.com/r/lakers/comments/1ojqj7u/laravia_and_reaves_were_absolute_fucking_beasts/,https://i.redd.it/191z0ipkg6yf1.jpeg,lakers,POST GAME,False,i.redd.it,https://b.thumbs.redditmedia.com/qPxk1zd9Z_JAinTTWCj2IH58IqEGDETUJNjlO14-9Xk.jpg
1ojqipc,2025-10-30T04:33:40,More dangerous than NWA.,,AdorableBackground83,77,0.99,12,False,False,https://reddit.com/r/lakers/comments/1ojqipc/more_dangerous_than_nwa/,https://i.redd.it/i6qu8shfg6yf1.jpeg,lakers,MEME,False,i.redd.it,https://a.thumbs.redditmedia.com/EPYtGDc0rWpEF4y5StxhHZTmXr0insHgM_F6jzy-C34.jpg
1ojqh72,2025-10-30T04:31:13,"Austin Reaves stole the show, but let’s show Jake LaRavia some love tonight…27 PTS!",,_MambaForever,1761,0.99,72,False,False,https://reddit.com/r/lakers/comments/1ojqh72/austin_reaves_stole_the_show_but_lets_show_jake/,https://i.redd.it/rpkfpflzf6yf1.jpeg,lakers,APPRECIATION,False,i.redd.it,https://b.thumbs.redditmedia.com/k44aULTB4NyJ9iM3HqitxwHixpf5Aay7RYlZYzxJ_rA.jpg
1ojqgib,2025-10-30T04:30:08,We have to pay AR next summer,,StoneColdAM,31,0.77,18,False,False,https://reddit.com/r/lakers/comments/1ojqgib/we_have_to_pay_ar_next_summer/,https://images.squarespace-cdn.com/content/v1/55ccfddce4b03e8de40af48f/1617714989573-D7HT942BOUVZH1EFWDG4/Hogan+Cash.gif,lakers,,False,images.squarespace-cdn.com,https://external-preview.redd.it/YeSi47fo98anoOdcrx9QMio1Hdj3zVKS1xfb9LWE43g.gif?width=140&amp;height=105&amp;auto=webp&amp;s=97a97cabc0803482d5402884c7f54a8bfeedef1d
1ojqfcm,2025-10-30T04:28:20,HIM 🔥🔥,,Top-Entertainment945,137,0.99,6,False,False,https://reddit.com/r/lakers/comments/1ojqfcm/him/,https://i.redd.it/du78yakgf6yf1.jpeg,lakers,,False,i.redd.it,https://b.thumbs.redditmedia.com/q8fngRXN6gRIPxUikLWHUk1lCM-JkSIpKm4gjUpZjgs.jpg
1ojqery,2025-10-30T04:27:26,Pau Gasol showing love to AR 💜,,denobino,566,1.0,10,False,False,https://reddit.com/r/lakers/comments/1ojqery/pau_gasol_showing_love_to_ar/,https://i.redd.it/9csxfwh8f6yf1.png,lakers,SOCIAL MEDIA,False,i.redd.it,https://b.thumbs.redditmedia.com/hGyUpEr11snvxA5MTohLVsd4Ko7Uq7bsEkW13b-ErOQ.jpg
1ojqelf,2025-10-30T04:27:09,Austin Reaves locked as an Allstar?,"This is my live reaction seeing the game winner by reaves, i’ve been pushing his all star agenda going into TWO years now. His potential is through the roof and i can definitely see him being an all star and a huge part of the laker success moving forward. Having 3 all stars on the lakers starting lineup with a good supporting cast as in, smart, laravia, rui, ayton, and vando; is this team ready for a playoff run?",unzixqt__,70,0.92,20,False,False,https://reddit.com/r/lakers/comments/1ojqelf/austin_reaves_locked_as_an_allstar/,https://v.redd.it/clxw9mc7f6yf1,lakers,,True,v.redd.it,https://external-preview.redd.it/NjR5azNteTZmNnlmMZpngzQ4tlDp6gBN6i9E8dl8akyNq9tdJG5FZMlFs2tY.png?width=140&amp;height=140&amp;format=jpg&amp;auto=webp&amp;s=0bbd9d70593950d32d1c074ec3027c623ea9a18e
1ojqejh,2025-10-30T04:27:04,AR15 and LaRavia,,yol007,166,0.98,8,False,False,https://reddit.com/r/lakers/comments/1ojqejh/ar15_and_laravia/,https://i.redd.it/8f5iayu8f6yf1.jpeg,lakers,MEME,False,i.redd.it,https://b.thumbs.redditmedia.com/N4vE1w5MIJKRzeu69iUjrSDJMbA9RfYiRXe4h2soVcQ.jpg
1ojqcjd,2025-10-30T04:23:51,Thhhhhheee lakkkkeeee shooooowww 💧,"Holyyyy shit, that win was insane. I was half-watching while doing dishes and cleaning, just catching the score here and there — and when we went up by 20 I was like foook yeah! All hyped, but you know how basketball goes… no lead is ever safe (flashbacks to the 2008 Finals 😭).

I locked in for the last four minutes, and man, I swear I had about six heart attacks. Honestly, having LeBron and Luka out might’ve been a blessing in disguise — it’s letting the rest of the team really gel and find their rhythm without leaning on them every possession.

Ayton’s been a game changer — finally a true center — and Hayes off the bench keeps that interior energy alive. And bro, Reaves has been absolutely holding it down these past few games while Luka’s been out. Dude’s confidence, control, and shot-making have been huge. Laravia emerging tonight is what we needed to. 

Having Smart out there would’ve made a difference late, but even without him, this team looks poised. The crowd was electric, and when things got tight, that timeout by J.J. was clutch — you could literally feel the composure reset after that.

It’s crazy to think how scary this team will be at full strength. I wasn’t sure what to expect coming into the season, but this win changed that. This squad might just rival the 2020 Lakers. We’re so spoiled as fans — and I’m hyped for what’s ahead.

Win or lose, it’s still the Lakkkkkeee Shooow. 💜💛🔥",Particular-Tip9913,23,0.9,0,False,False,https://reddit.com/r/lakers/comments/1ojqcjd/thhhhhheee_lakkkkeeee_shooooowww/,https://www.reddit.com/r/lakers/comments/1ojqcjd/thhhhhheee_lakkkkeeee_shooooowww/,lakers,,False,self.lakers,self
1ojqbyd,2025-10-30T04:22:58,"[All-Access] Austin Reaves hits the clutch buzzer-beater for the Lakers to win it in Minnesota. The shot caps a 28-point, 16-assist performance.",,nba,104,1.0,7,False,False,https://reddit.com/r/lakers/comments/1ojqbyd/allaccess_austin_reaves_hits_the_clutch/,https://v.redd.it/fjavdv8xd6yf1,lakers,HIGHLIGHTS,False,v.redd.it,https://external-preview.redd.it/sTGdSwObYFsJbQ3H8AK_3iK8XLA14yAFVHVHDN3YQiw.png?width=140&amp;height=73&amp;auto=webp&amp;s=b4de7819794601ee889476788bae6538dea75823
1ojqby0,2025-10-30T04:22:58,Deandre Ayton tonight: 17 points on 8-11 FG 1-2 FT with 10 Reb 3 Ast 2 TO,,Alternatively_Built_,1682,0.99,152,False,False,https://reddit.com/r/lakers/comments/1ojqby0/deandre_ayton_tonight_17_points_on_811_fg_12_ft/,https://i.redd.it/l0y1pz0nd6yf1.jpeg,lakers,APPRECIATION,False,i.redd.it,https://b.thumbs.redditmedia.com/blc8FzX-vS0weJ2OA_99472yusARS-RS6Ugs1TBPlqk.jpg
1ojqbaa,2025-10-30T04:21:56,3 top 15 players on 1 team,Could the lakers really have 3 top 15 players on one team? When was the last time a team had this? It just seems unreal. Hella proud for Austin…,International_Sky673,22,0.85,19,False,False,https://reddit.com/r/lakers/comments/1ojqbaa/3_top_15_players_on_1_team/,https://www.reddit.com/r/lakers/comments/1ojqbaa/3_top_15_players_on_1_team/,lakers,,False,self.lakers,self
1ojqb59,2025-10-30T04:21:44,Lakers can win a chip this year but need to make moves at deadline,Lakers are a championship contender but we need to improve depth and add some 2 way athletic pieces. With the expiring of Kleber and  gabe and if needed even Rui we can possibly get some nice pieces to build around the squad.,OrganicHunt952,8,0.63,34,False,False,https://reddit.com/r/lakers/comments/1ojqb59/lakers_can_win_a_chip_this_year_but_need_to_make/,https://www.reddit.com/r/lakers/comments/1ojqb59/lakers_can_win_a_chip_this_year_but_need_to_make/,lakers,,False,self.lakers,self
1ojqac7,2025-10-30T04:20:29,🥹,,ajsantos21,1911,0.99,62,False,False,https://reddit.com/r/lakers/comments/1ojqac7/_/,https://i.redd.it/b5uj51i2e6yf1.jpeg,lakers,,False,i.redd.it,https://b.thumbs.redditmedia.com/ovD-JnC4iPBD0Gvj_LDJSmVpm7ucUVU92-Q8pmPmIjs.jpg
