Store,Weekly_Sales,Holiday_Flag,Temperature,Fuel_Price,CPI,Unemployment,Year,Month,Day,WeekNumber
6.0,1572117.54,0.0,59.61,3.045,214.7775231,6.858,2011.0,2.0,18.0,7
13.0,1807545.43,0.0,42.38,3.435,128.6160645,7.47,2011.0,3.0,25.0,12
6.0,1644470.66,0.0,78.89,2.759,212.412888,7.0920000000000005,2010.0,5.0,28.0,21
4.0,1857533.7,0.0,,2.756,126.1602258,7.896,2010.0,5.0,28.0,21
15.0,695396.19,0.0,69.8,4.069,134.85516130000002,7.657999999999999,2011.0,6.0,3.0,22
20.0,2203523.2,0.0,39.93,3.617,213.0236225,6.961,2012.0,2.0,3.0,5
14.0,2600519.26,0.0,30.54,3.109,,,2010.0,12.0,10.0,49
8.0,895066.5,0.0,82.92,3.554,219.07019680000005,6.425,2011.0,8.0,19.0,33
18.0,1029618.1,0.0,52.02,2.878,132.7633548,9.331,2010.0,10.0,15.0,41
7.0,414094.05,0.0,36.61,3.767,192.826069,8.595,2011.0,5.0,13.0,19
1.0,1677472.78,0.0,64.74,3.734,221.2118132,7.348,2012.0,3.0,16.0,11
17.0,829207.27,0.0,60.07,2.853,126.2346,6.885,2010.0,10.0,1.0,39
6.0,1498080.16,0.0,68.91,2.78,211.8942725,7.0920000000000005,2010.0,4.0,30.0,17
13.0,1997397.63,0.0,76.34,2.85,,7.951,2010.0,8.0,20.0,33
2.0,2432736.52,0.0,50.13,,,7.441,2011.0,12.0,16.0,50
7.0,561145.14,0.0,38.26,2.725,189.7048215,8.963,2010.0,4.0,2.0,13
5.0,290930.01,0.0,77.38,3.899,216.5343611,6.489,2011.0,5.0,13.0,19
18.0,1074079.0,0.0,50.97,4.029,138.9117,8.243,2012.0,10.0,12.0,41
19.0,1427023.45,0.0,39.07,2.963,131.863129,8.35,2010.0,3.0,26.0,12
19.0,1405007.44,0.0,50.76,4.124,138.0332,8.15,2012.0,5.0,4.0,18
17.0,919878.34,0.0,44.82,3.797,131.1083333,5.527,2012.0,10.0,12.0,41
3.0,367438.62,0.0,51.86,3.261,,6.832999999999998,2012.0,1.0,13.0,2
16.0,435397.19,0.0,43.95,3.828,192.831317,6.339,2011.0,5.0,20.0,20
17.0,757738.76,0.0,45.22,2.915,126.5621,6.635,2010.0,4.0,16.0,15
6.0,1420405.41,0.0,,3.523,217.2706543,6.925,2011.0,8.0,26.0,34
7.0,563460.77,1.0,18.79,3.103,196.9195056,8.256,2012.0,2.0,10.0,6
14.0,2077256.24,1.0,37.0,,,8.424,2012.0,2.0,10.0,6
19.0,1266564.94,0.0,33.26,3.789,133.9587419,7.771,2011.0,3.0,25.0,12
3.0,365248.94,0.0,80.19,3.467,219.7414914,7.567,2011.0,9.0,23.0,38
18.0,988157.72,0.0,,3.823,134.2784667,8.975,2011.0,4.0,15.0,15
4.0,2008344.92,0.0,81.85,3.57,129.0663,5.9460000000000015,2011.0,6.0,24.0,25
5.0,311906.7,0.0,60.71,3.297,218.5699621,6.3,2011.0,11.0,11.0,45
18.0,961186.23,0.0,50.43,4.023,137.9781333,8.304,2012.0,4.0,27.0,17
16.0,526525.16,0.0,,3.659,198.1267184,6.061,2012.0,9.0,14.0,37
7.0,629994.47,0.0,57.6,3.485,194.3796374,8.622,2011.0,8.0,26.0,34
1.0,1641957.44,1.0,38.51,2.548,211.24216980000003,8.106,2010.0,2.0,12.0,6
2.0,1861802.7,0.0,54.63,3.555,220.275944,7.057,2012.0,2.0,24.0,8
5.0,268929.03,0.0,82.46,2.64,211.9270006,6.496,2010.0,7.0,30.0,30
19.0,1549018.68,0.0,66.25,2.958,132.5218667,8.099,2010.0,7.0,2.0,26
1.0,1624383.75,0.0,91.65,3.684,215.544618,7.9620000000000015,2011.0,8.0,5.0,31
16.0,485095.41,0.0,48.29,3.75,197.4133259,6.162000000000001,2012.0,3.0,30.0,13
13.0,2035431.39,0.0,61.11,3.788,130.95922579999998,5.965,2012.0,6.0,1.0,22
2.0,1916812.74,0.0,59.69,2.728,211.6608975,8.163,2010.0,11.0,12.0,45
9.0,509263.28,0.0,85.02,2.653,214.8965756,,2010.0,6.0,25.0,25
14.0,1879451.23,0.0,41.76,3.625,184.9943679,8.549,2011.0,3.0,25.0,12
10.0,1805999.79,0.0,86.87,3.666,130.7196333,7.17,2012.0,7.0,6.0,27
13.0,1847430.96,0.0,63.6,3.648,129.5183333,6.877000000000002,2011.0,9.0,23.0,38
8.0,888816.78,0.0,74.92,2.619,214.9362793,6.315,2010.0,8.0,27.0,34
6.0,1532308.78,0.0,,2.64,212.8944846,6.973,2010.0,7.0,30.0,30
14.0,2020550.99,0.0,36.85,3.695,189.8424834,8.424,2012.0,2.0,17.0,7
14.0,2095599.93,0.0,,4.046,185.9374378,8.521,2011.0,5.0,6.0,18
10.0,1990371.02,0.0,57.62,3.882,130.6457931,7.545,2012.0,3.0,2.0,9
5.0,313358.15,0.0,69.17,3.594,224.0192873,5.4220000000000015,2012.0,10.0,19.0,42
4.0,2771397.17,0.0,36.44,3.149,129.8980645,5.143,2011.0,12.0,16.0,50
18.0,1166117.85,0.0,73.67,2.792,132.6141935,9.342,2010.0,8.0,6.0,31
3.0,461622.22,0.0,45.71,2.572,214.4248812,7.3679999999999986,2010.0,2.0,5.0,5
18.0,1588430.71,0.0,27.4,3.139,,9.331,2010.0,12.0,17.0,50
13.0,2461468.35,0.0,36.78,2.817,126.7934,7.795,2010.0,12.0,10.0,49
1.0,1449142.92,0.0,85.22,2.619,211.5673056,7.787000000000001,2010.0,8.0,27.0,34
1.0,1508068.77,0.0,67.97,3.594,223.4257233,,2012.0,10.0,19.0,42
20.0,1973135.87,0.0,75.17,2.8080000000000003,204.5675459,7.856,2010.0,6.0,25.0,25
15.0,570611.23,0.0,47.42,4.021,137.5843871,7.943,2012.0,3.0,16.0,11
1.0,1539483.7,0.0,62.25,3.3080000000000003,218.2205088,7.866,2011.0,11.0,18.0,46
20.0,1789687.65,0.0,69.37,,,7.527,2010.0,9.0,24.0,38
9.0,519823.3,0.0,49.96,2.7710000000000004,215.43728540000004,6.56,2010.0,11.0,19.0,46
2.0,1758050.79,0.0,44.69,2.9760000000000004,211.0648881,8.027999999999999,2011.0,1.0,7.0,1
3.0,431985.36,0.0,75.19,3.688,225.2351496,6.664,2012.0,5.0,11.0,19
9.0,485389.15,0.0,78.51,2.642,214.6564301,6.442,2010.0,7.0,9.0,27
14.0,1953544.76,0.0,78.47,3.76,186.1399808,8.625,2011.0,7.0,15.0,28
1.0,1494251.5,0.0,74.78,2.854,210.3374261,7.808,2010.0,5.0,14.0,19
8.0,860336.16,0.0,49.76,,214.7492449,6.299,2010.0,3.0,12.0,10
5.0,298697.84,0.0,67.53,,210.939388,,2010.0,4.0,30.0,17
10.0,1768172.31,0.0,90.32,,126.1266,9.524,2010.0,6.0,25.0,25
13.0,2018314.71,0.0,78.82,2.814,126.1392,7.951,2010.0,7.0,2.0,26
3.0,364076.85,0.0,83.52,2.637,214.7858259,7.343,2010.0,6.0,18.0,24
2.0,1799520.14,0.0,46.75,,219.355063,7.057,2012.0,1.0,6.0,1
4.0,2302504.86,0.0,42.4,2.86,126.7934,7.127000000000002,2010.0,12.0,10.0,49
3.0,419497.95,0.0,82.7,3.346,225.3068615,6.664,2012.0,6.0,22.0,25
19.0,1366395.96,0.0,72.83,2.932,132.5983871,8.099,2010.0,7.0,30.0,30
14.0,2095591.63,0.0,34.89,,,8.992,2010.0,2.0,26.0,8
8.0,994801.4,1.0,33.34,2.548,214.62141890000004,6.299,2010.0,2.0,12.0,6
18.0,1256282.79,0.0,69.12,2.906,132.2939355,,2010.0,5.0,28.0,21
20.0,1799737.79,1.0,28.85,3.179,204.6432267,7.484,2010.0,12.0,31.0,52
19.0,1468350.36,0.0,,3.722,138.1629,8.15,2012.0,6.0,22.0,25
2.0,2124451.54,0.0,39.69,2.514,210.9451605,,2010.0,2.0,19.0,7
13.0,1811606.21,0.0,32.71,,130.27922579999998,6.104,2012.0,1.0,20.0,3
11.0,1757242.51,1.0,69.9,2.735,215.0614025,7.564,2010.0,11.0,26.0,47
15.0,660838.75,0.0,,2.909,131.637,,2010.0,2.0,19.0,7
7.0,457340.06,0.0,39.3,3.936,197.7227385,8.09,2012.0,4.0,20.0,16
9.0,513073.87,0.0,82.99,2.637,215.0166484,6.384,2010.0,6.0,18.0,24
14.0,1864746.1,0.0,34.32,3.193,182.5983058,,2011.0,1.0,7.0,1
8.0,836707.85,0.0,75.32,2.582,214.8785562,6.315,2010.0,9.0,17.0,37
5.0,275142.17,0.0,89.42,3.682,216.0464364,6.529,2011.0,7.0,29.0,30
7.0,597876.55,1.0,57.84,3.596,198.0950484,7.872000000000001,2012.0,9.0,7.0,36
1.0,1466046.67,0.0,,3.786,215.5037878,7.682,2011.0,5.0,27.0,21
19.0,1467473.63,0.0,68.26,,134.94254840000002,7.657999999999999,2011.0,6.0,10.0,23
3.0,398838.97,0.0,63.91,3.3080000000000003,221.6432852,7.197,2011.0,11.0,18.0,46
16.0,614253.33,0.0,61.79,2.7110000000000003,189.5231276,6.867999999999999,2010.0,7.0,9.0,27
13.0,1970341.38,0.0,75.95,3.606,129.2015806,6.877000000000002,2011.0,8.0,12.0,32
13.0,2025582.62,0.0,52.5,3.529,130.82619350000002,6.104,2012.0,3.0,16.0,11
17.0,855459.96,0.0,,2.8310000000000004,126.5461613,,2010.0,11.0,12.0,45
4.0,2036231.39,0.0,82.84,3.627,129.1507742,5.644,2011.0,7.0,22.0,29
4.0,2066541.86,0.0,84.59,3.469,129.1125,5.644,2011.0,7.0,8.0,27
6.0,1639358.93,0.0,74.24,3.807,217.0146941,6.855,2011.0,4.0,22.0,16
7.0,532739.77,0.0,50.6,3.804,197.5886046,8.09,2012.0,5.0,25.0,21
5.0,301827.36,0.0,62.37,,212.5604113,6.768,2010.0,11.0,12.0,45
3.0,403342.4,0.0,75.54,3.285,,7.197,2011.0,10.0,7.0,40
3.0,396968.8,0.0,78.53,2.705,214.4958382,7.343,2010.0,6.0,4.0,22
3.0,424513.08,0.0,73.44,3.594,226.9688442,6.034,2012.0,10.0,19.0,42
14.0,2248645.59,0.0,72.62,2.78,182.4424199,8.899,2010.0,6.0,18.0,24
17.0,845252.21,0.0,57.14,2.841,126.1119032,,2010.0,6.0,11.0,23
8.0,856796.1,0.0,86.05,3.638,219.0075249,,2011.0,8.0,12.0,32
19.0,1255087.26,0.0,55.2,4.17,137.9230667,8.15,2012.0,4.0,20.0,16
