lat,lon,validdate,t_2m:C,t_max_2m_24h:C,t_min_2m_24h:C,msl_pressure:hPa,precip_1h:mm,precip_24h:mm,weather_symbol_1h:idx,weather_symbol_24h:idx,uv:idx,wind_speed_10m:ms,city
48.2495226,7.3454923,2025-02-05 16:00:00+00:00,1.9,2.9,-3.7,1039.3,0.0,0.0,2.0,11.0,0.0,3.5,Chateau du Haut Koenigsbourg
48.2495226,7.3454923,2025-02-05 17:00:00+00:00,1.2,2.9,-3.7,1039.9,0.0,0.0,4.0,11.0,0.0,3.7,Chateau du Haut Koenigsbourg
48.2495226,7.3454923,2025-02-05 18:00:00+00:00,0.9,2.9,-3.7,1040.4,0.0,0.0,112.0,11.0,0.0,4.1,Chateau du Haut Koenigsbourg
48.2495226,7.3454923,2025-02-05 19:00:00+00:00,1.2,2.9,-3.7,1040.9,0.0,0.0,104.0,11.0,0.0,4.0,Chateau du Haut Koenigsbourg
48.2495226,7.3454923,2025-02-05 20:00:00+00:00,0.1,2.9,-3.7,1040.9,0.0,0.0,104.0,11.0,0.0,4.1,Chateau du Haut Koenigsbourg
48.2495226,7.3454923,2025-02-05 21:00:00+00:00,0.2,2.9,-3.7,1040.9,0.0,0.0,104.0,11.0,0.0,4.4,Chateau du Haut Koenigsbourg
48.2495226,7.3454923,2025-02-05 22:00:00+00:00,0.5,2.9,-3.7,1040.4,0.0,0.0,104.0,11.0,0.0,4.7,Chateau du Haut Koenigsbourg
48.2495226,7.3454923,2025-02-05 23:00:00+00:00,0.6,2.7,-3.7,1040.4,0.0,0.0,104.0,11.0,0.0,3.8,Chateau du Haut Koenigsbourg
48.2495226,7.3454923,2025-02-06 00:00:00+00:00,0.6,2.7,-3.7,1040.0,0.0,0.0,104.0,11.0,0.0,3.4,Chateau du Haut Koenigsbourg
48.2495226,7.3454923,2025-02-06 01:00:00+00:00,0.4,2.7,-3.7,1039.6,0.0,0.0,104.0,11.0,0.0,3.7,Chateau du Haut Koenigsbourg
48.2495226,7.3454923,2025-02-06 02:00:00+00:00,-0.2,2.7,-3.7,1039.4,0.0,0.0,104.0,11.0,0.0,4.3,Chateau du Haut Koenigsbourg
48.2495226,7.3454923,2025-02-06 03:00:00+00:00,-0.6,2.7,-3.7,1039.0,0.0,0.0,112.0,11.0,0.0,4.6,Chateau du Haut Koenigsbourg
48.2495226,7.3454923,2025-02-06 04:00:00+00:00,-1.0,2.7,-3.7,1039.0,0.05,0.05,112.0,11.0,0.0,4.7,Chateau du Haut Koenigsbourg
48.2495226,7.3454923,2025-02-06 05:00:00+00:00,-1.4,2.7,-3.7,1038.9,0.16,0.21,107.0,9.0,0.0,4.2,Chateau du Haut Koenigsbourg
48.2495226,7.3454923,2025-02-06 06:00:00+00:00,-1.4,2.7,-3.7,1038.7,0.0,0.21,112.0,9.0,0.0,4.0,Chateau du Haut Koenigsbourg
48.2495226,7.3454923,2025-02-06 07:00:00+00:00,-1.2,2.7,-3.7,1038.5,0.0,0.21,112.0,7.0,0.0,4.1,Chateau du Haut Koenigsbourg
48.2495226,7.3454923,2025-02-06 08:00:00+00:00,-1.5,2.6,-3.7,1038.4,0.0,0.21,12.0,7.0,0.0,4.1,Chateau du Haut Koenigsbourg
48.2495226,7.3454923,2025-02-06 09:00:00+00:00,-1.7,2.6,-1.9,1038.2,0.07,0.29,7.0,7.0,0.0,4.8,Chateau du Haut Koenigsbourg
48.2495226,7.3454923,2025-02-06 10:00:00+00:00,-1.7,2.7,-2.0,1038.0,0.03,0.32,12.0,7.0,0.0,4.9,Chateau du Haut Koenigsbourg
48.2495226,7.3454923,2025-02-06 11:00:00+00:00,-1.5,2.7,-2.0,1037.5,0.0,0.32,12.0,7.0,0.0,4.7,Chateau du Haut Koenigsbourg
48.2495226,7.3454923,2025-02-06 12:00:00+00:00,-1.4,2.7,-2.0,1036.6,0.0,0.32,12.0,7.0,1.0,4.4,Chateau du Haut Koenigsbourg
48.2495226,7.3454923,2025-02-06 13:00:00+00:00,-1.1,2.7,-2.0,1035.8,0.0,0.32,4.0,7.0,0.0,4.4,Chateau du Haut Koenigsbourg
48.2495226,7.3454923,2025-02-06 14:00:00+00:00,-1.1,2.6,-2.0,1035.1,0.0,0.32,4.0,7.0,0.0,4.8,Chateau du Haut Koenigsbourg
48.2495226,7.3454923,2025-02-06 15:00:00+00:00,-1.1,2.5,-2.0,1034.7,0.0,0.32,4.0,7.0,0.0,5.0,Chateau du Haut Koenigsbourg
48.2495226,7.3454923,2025-02-06 16:00:00+00:00,-1.4,2.2,-2.0,1034.1,0.0,0.32,4.0,7.0,0.0,5.2,Chateau du Haut Koenigsbourg
48.2495226,7.3454923,2025-02-06 17:00:00+00:00,-1.4,1.4,-2.0,1033.8,0.0,0.32,4.0,7.0,0.0,5.4,Chateau du Haut Koenigsbourg
48.2495226,7.3454923,2025-02-06 18:00:00+00:00,-1.4,1.4,-2.0,1033.3,0.0,0.32,104.0,7.0,0.0,5.8,Chateau du Haut Koenigsbourg
48.2495226,7.3454923,2025-02-06 19:00:00+00:00,-1.2,1.4,-1.9,1032.5,0.0,0.32,104.0,7.0,0.0,5.9,Chateau du Haut Koenigsbourg
48.2495226,7.3454923,2025-02-06 20:00:00+00:00,-1.2,0.7,-1.9,1032.0,0.0,0.32,104.0,7.0,0.0,5.7,Chateau du Haut Koenigsbourg
48.2495226,7.3454923,2025-02-06 21:00:00+00:00,-1.3,0.7,-1.9,1031.2,0.0,0.32,104.0,7.0,0.0,5.6,Chateau du Haut Koenigsbourg
48.2495226,7.3454923,2025-02-06 22:00:00+00:00,-1.2,0.7,-1.9,1030.7,0.0,0.32,104.0,7.0,0.0,5.3,Chateau du Haut Koenigsbourg
48.2495226,7.3454923,2025-02-06 23:00:00+00:00,-1.3,0.7,-1.9,1030.0,0.0,0.32,104.0,7.0,0.0,4.7,Chateau du Haut Koenigsbourg
48.2495226,7.3454923,2025-02-07 00:00:00+00:00,-1.2,0.7,-1.9,1029.3,0.0,0.32,104.0,7.0,0.0,4.9,Chateau du Haut Koenigsbourg
48.2495226,7.3454923,2025-02-07 01:00:00+00:00,-1.4,0.5,-1.9,1028.8,0.0,0.32,104.0,7.0,0.0,4.4,Chateau du Haut Koenigsbourg
48.2495226,7.3454923,2025-02-07 02:00:00+00:00,-1.6,-0.1,-1.9,1028.1,0.0,0.32,104.0,7.0,0.0,3.4,Chateau du Haut Koenigsbourg
48.2495226,7.3454923,2025-02-07 03:00:00+00:00,-2.2,-0.5,-2.2,1027.4,0.0,0.32,104.0,7.0,0.0,2.5,Chateau du Haut Koenigsbourg
48.2495226,7.3454923,2025-02-07 04:00:00+00:00,-2.4,-0.9,-2.5,1026.8,0.0,0.27,104.0,7.0,0.0,1.9,Chateau du Haut Koenigsbourg
48.2495226,7.3454923,2025-02-07 05:00:00+00:00,-2.3,-1.0,-2.5,1026.4,0.0,0.11,104.0,7.0,0.0,1.9,Chateau du Haut Koenigsbourg
48.2495226,7.3454923,2025-02-07 06:00:00+00:00,-2.3,-1.0,-2.5,1026.3,0.0,0.11,104.0,7.0,0.0,1.9,Chateau du Haut Koenigsbourg
48.2495226,7.3454923,2025-02-07 07:00:00+00:00,-2.3,-1.0,-2.5,1026.4,0.0,0.11,104.0,7.0,0.0,1.9,Chateau du Haut Koenigsbourg
48.2495226,7.3454923,2025-02-07 08:00:00+00:00,-1.6,-1.0,-2.5,1026.5,0.0,0.11,4.0,7.0,0.0,2.0,Chateau du Haut Koenigsbourg
48.2495226,7.3454923,2025-02-07 09:00:00+00:00,-0.6,-0.5,-2.5,1026.6,0.0,0.03,4.0,12.0,0.0,2.1,Chateau du Haut Koenigsbourg
48.2495226,7.3454923,2025-02-07 10:00:00+00:00,0.1,0.2,-2.5,1026.1,0.0,0.0,4.0,12.0,1.0,1.7,Chateau du Haut Koenigsbourg
48.2495226,7.3454923,2025-02-07 11:00:00+00:00,0.8,1.0,-2.6,1025.6,0.0,0.0,4.0,12.0,1.0,1.7,Chateau du Haut Koenigsbourg
48.2495226,7.3454923,2025-02-07 12:00:00+00:00,1.4,1.6,-2.6,1024.7,0.0,0.0,4.0,4.0,1.0,1.3,Chateau du Haut Koenigsbourg
48.2495226,7.3454923,2025-02-07 13:00:00+00:00,1.8,2.0,-2.6,1024.0,0.0,0.0,4.0,4.0,1.0,1.1,Chateau du Haut Koenigsbourg
48.2495226,7.3454923,2025-02-07 14:00:00+00:00,1.5,2.0,-2.7,1023.6,0.0,0.0,4.0,4.0,1.0,1.9,Chateau du Haut Koenigsbourg
48.2495226,7.3454923,2025-02-07 15:00:00+00:00,1.7,2.0,-2.7,1023.5,0.0,0.0,4.0,4.0,0.0,1.0,Chateau du Haut Koenigsbourg
48.2495226,7.3454923,2025-02-07 16:00:00+00:00,1.9,2.1,-2.7,1023.4,0.0,0.0,4.0,4.0,0.0,1.3,Chateau du Haut Koenigsbourg
48.2495226,7.3454923,2025-02-07 17:00:00+00:00,1.1,2.2,-2.7,1023.2,0.0,0.0,4.0,4.0,0.0,1.7,Chateau du Haut Koenigsbourg
48.2495226,7.3454923,2025-02-07 18:00:00+00:00,0.6,2.2,-2.7,1023.0,0.0,0.0,104.0,4.0,0.0,2.0,Chateau du Haut Koenigsbourg
48.2495226,7.3454923,2025-02-07 19:00:00+00:00,0.1,2.2,-2.7,1022.8,0.0,0.0,103.0,3.0,0.0,1.6,Chateau du Haut Koenigsbourg
48.2495226,7.3454923,2025-02-07 20:00:00+00:00,0.0,2.2,-2.7,1022.5,0.0,0.0,103.0,3.0,0.0,1.5,Chateau du Haut Koenigsbourg
48.2495226,7.3454923,2025-02-07 21:00:00+00:00,-0.4,2.2,-2.7,1022.5,0.0,0.0,103.0,3.0,0.0,1.2,Chateau du Haut Koenigsbourg
48.2495226,7.3454923,2025-02-07 22:00:00+00:00,-0.7,2.2,-2.7,1022.5,0.0,0.0,103.0,3.0,0.0,1.0,Chateau du Haut Koenigsbourg
48.2495226,7.3454923,2025-02-07 23:00:00+00:00,-0.7,2.2,-2.7,1022.9,0.0,0.0,104.0,3.0,0.0,0.8,Chateau du Haut Koenigsbourg
48.2495226,7.3454923,2025-02-08 00:00:00+00:00,0.0,2.2,-2.7,1022.9,0.0,0.0,104.0,3.0,0.0,0.6,Chateau du Haut Koenigsbourg
48.2495226,7.3454923,2025-02-08 01:00:00+00:00,0.2,2.2,-2.7,1022.7,0.0,0.0,104.0,3.0,0.0,0.8,Chateau du Haut Koenigsbourg
48.2495226,7.3454923,2025-02-08 02:00:00+00:00,-0.5,2.2,-2.7,1022.6,0.0,0.0,104.0,3.0,0.0,0.6,Chateau du Haut Koenigsbourg
48.2495226,7.3454923,2025-02-08 03:00:00+00:00,-1.2,2.2,-2.7,1022.2,0.0,0.0,101.0,3.0,0.0,0.7,Chateau du Haut Koenigsbourg
48.2495226,7.3454923,2025-02-08 04:00:00+00:00,-1.6,2.2,-2.7,1022.2,0.0,0.0,101.0,3.0,0.0,0.8,Chateau du Haut Koenigsbourg
48.2495226,7.3454923,2025-02-08 05:00:00+00:00,-0.1,2.1,-2.6,1022.7,0.0,0.0,104.0,3.0,0.0,0.8,Chateau du Haut Koenigsbourg
48.2495226,7.3454923,2025-02-08 06:00:00+00:00,0.4,2.1,-2.6,1022.9,0.0,0.0,104.0,3.0,0.0,0.5,Chateau du Haut Koenigsbourg
48.2495226,7.3454923,2025-02-08 07:00:00+00:00,0.3,2.1,-2.6,1023.2,0.0,0.0,104.0,3.0,0.0,0.8,Chateau du Haut Koenigsbourg
48.2495226,7.3454923,2025-02-08 08:00:00+00:00,1.3,2.1,-1.8,1023.5,0.0,0.0,4.0,3.0,0.0,0.8,Chateau du Haut Koenigsbourg
48.2495226,7.3454923,2025-02-08 09:00:00+00:00,2.5,2.7,-1.8,1023.5,0.0,0.0,4.0,3.0,0.0,0.9,Chateau du Haut Koenigsbourg
48.2495226,7.3454923,2025-02-08 10:00:00+00:00,3.3,3.6,-1.9,1023.7,0.0,0.0,4.0,3.0,1.0,0.8,Chateau du Haut Koenigsbourg
48.2495226,7.3454923,2025-02-08 11:00:00+00:00,3.9,4.3,-1.9,1023.9,0.0,0.0,4.0,3.0,1.0,1.2,Chateau du Haut Koenigsbourg
48.2495226,7.3454923,2025-02-08 12:00:00+00:00,3.8,4.3,-1.9,1023.8,0.0,0.0,4.0,3.0,1.0,1.5,Chateau du Haut Koenigsbourg
48.2495226,7.3454923,2025-02-08 13:00:00+00:00,6.5,7.1,-2.1,1022.5,0.0,0.0,1.0,3.0,1.0,2.1,Chateau du Haut Koenigsbourg
48.2495226,7.3454923,2025-02-08 14:00:00+00:00,6.4,7.1,-2.1,1022.4,0.0,0.0,2.0,3.0,1.0,1.5,Chateau du Haut Koenigsbourg
48.2495226,7.3454923,2025-02-08 15:00:00+00:00,6.2,7.1,-2.1,1022.4,0.0,0.0,2.0,3.0,0.0,0.8,Chateau du Haut Koenigsbourg
48.2495226,7.3454923,2025-02-08 16:00:00+00:00,4.0,7.1,-2.1,1022.9,0.0,0.0,2.0,3.0,0.0,1.0,Chateau du Haut Koenigsbourg
48.2495226,7.3454923,2025-02-08 17:00:00+00:00,1.8,7.1,-2.1,1023.5,0.0,0.0,2.0,3.0,0.0,1.1,Chateau du Haut Koenigsbourg
48.2495226,7.3454923,2025-02-08 18:00:00+00:00,-0.4,7.1,-2.1,1024.1,0.0,0.0,103.0,3.0,0.0,1.3,Chateau du Haut Koenigsbourg
48.2495226,7.3454923,2025-02-08 19:00:00+00:00,-1.4,7.1,-2.1,1024.6,0.0,0.0,103.0,3.0,0.0,1.7,Chateau du Haut Koenigsbourg
48.2495226,7.3454923,2025-02-08 20:00:00+00:00,-2.3,7.1,-2.8,1025.2,0.0,0.0,103.0,3.0,0.0,2.1,Chateau du Haut Koenigsbourg
48.2495226,7.3454923,2025-02-08 21:00:00+00:00,-3.3,7.1,-3.8,1025.8,0.0,0.0,104.0,3.0,0.0,2.5,Chateau du Haut Koenigsbourg
48.2495226,7.3454923,2025-02-08 22:00:00+00:00,-2.9,7.2,-3.8,1026.3,0.0,0.0,104.0,3.0,0.0,3.2,Chateau du Haut Koenigsbourg
48.2495226,7.3454923,2025-02-08 23:00:00+00:00,-2.6,7.2,-3.8,1026.9,0.0,0.0,104.0,3.0,0.0,3.9,Chateau du Haut Koenigsbourg
48.2495226,7.3454923,2025-02-09 00:00:00+00:00,-2.2,7.2,-3.8,1027.5,0.0,0.0,104.0,3.0,0.0,4.6,Chateau du Haut Koenigsbourg
48.2495226,7.3454923,2025-02-09 01:00:00+00:00,-2.0,7.2,-3.8,1028.0,0.0,0.0,104.0,3.0,0.0,4.2,Chateau du Haut Koenigsbourg
48.2495226,7.3454923,2025-02-09 02:00:00+00:00,-1.8,7.2,-3.8,1028.5,0.0,0.0,104.0,3.0,0.0,3.7,Chateau du Haut Koenigsbourg
48.2495226,7.3454923,2025-02-09 03:00:00+00:00,-1.6,7.2,-3.8,1029.0,0.0,0.0,104.0,3.0,0.0,3.3,Chateau du Haut Koenigsbourg
48.2495226,7.3454923,2025-02-09 04:00:00+00:00,-1.6,7.2,-3.8,1029.3,0.0,0.0,104.0,3.0,0.0,2.8,Chateau du Haut Koenigsbourg
48.2495226,7.3454923,2025-02-09 05:00:00+00:00,-1.5,7.2,-3.8,1029.6,0.0,0.0,104.0,3.0,0.0,2.3,Chateau du Haut Koenigsbourg
48.2495226,7.3454923,2025-02-09 06:00:00+00:00,-1.5,7.2,-3.8,1029.9,0.0,0.0,104.0,3.0,0.0,1.9,Chateau du Haut Koenigsbourg
48.2495226,7.3454923,2025-02-09 07:00:00+00:00,-1.0,7.2,-3.8,1030.3,0.0,0.0,104.0,3.0,0.0,1.5,Chateau du Haut Koenigsbourg
48.2495226,7.3454923,2025-02-09 08:00:00+00:00,-0.5,7.2,-3.8,1030.8,0.0,0.0,4.0,3.0,0.0,1.2,Chateau du Haut Koenigsbourg
48.2495226,7.3454923,2025-02-09 09:00:00+00:00,-0.1,7.2,-3.8,1031.3,0.0,0.0,4.0,3.0,1.0,0.9,Chateau du Haut Koenigsbourg
48.2495226,7.3454923,2025-02-09 10:00:00+00:00,0.2,7.2,-3.8,1031.3,0.33,0.33,7.0,9.0,1.0,0.9,Chateau du Haut Koenigsbourg
48.2495226,7.3454923,2025-02-09 11:00:00+00:00,0.4,7.2,-3.8,1031.4,0.33,0.65,7.0,9.0,1.0,0.9,Chateau du Haut Koenigsbourg
48.2495226,7.3454923,2025-02-09 12:00:00+00:00,0.7,7.2,-3.8,1031.4,0.33,0.98,7.0,9.0,1.0,1.0,Chateau du Haut Koenigsbourg
48.2495226,7.3454923,2025-02-09 13:00:00+00:00,0.5,7.0,-3.8,1031.3,0.16,1.14,7.0,7.0,1.0,1.0,Chateau du Haut Koenigsbourg
48.2495226,7.3454923,2025-02-09 14:00:00+00:00,0.3,6.8,-3.8,1031.2,0.16,1.3,7.0,7.0,1.0,1.0,Chateau du Haut Koenigsbourg
48.2495226,7.3454923,2025-02-09 15:00:00+00:00,0.1,6.8,-3.7,1031.0,0.16,1.47,7.0,7.0,0.0,1.0,Chateau du Haut Koenigsbourg
48.2495226,7.3454923,2025-02-09 16:00:00+00:00,-0.3,4.5,-3.6,1031.3,0.24,1.7,7.0,7.0,0.0,1.0,Chateau du Haut Koenigsbourg
48.2495226,7.3454923,2025-02-09 17:00:00+00:00,-0.8,2.2,-3.5,1031.7,0.24,1.94,7.0,7.0,0.0,1.0,Chateau du Haut Koenigsbourg
48.2495226,7.3454923,2025-02-09 18:00:00+00:00,-1.2,0.9,-3.5,1032.0,0.23,2.17,107.0,7.0,0.0,1.0,Chateau du Haut Koenigsbourg
48.2495226,7.3454923,2025-02-09 19:00:00+00:00,-1.3,0.9,-3.5,1031.9,0.6,2.77,107.0,7.0,0.0,0.8,Chateau du Haut Koenigsbourg
48.2495226,7.3454923,2025-02-09 20:00:00+00:00,-1.4,0.9,-3.5,1031.9,0.6,3.37,107.0,7.0,0.0,0.5,Chateau du Haut Koenigsbourg
48.2495226,7.3454923,2025-02-09 21:00:00+00:00,-1.5,0.9,-3.5,1031.9,0.6,3.97,107.0,7.0,0.0,0.2,Chateau du Haut Koenigsbourg
48.2495226,7.3454923,2025-02-09 22:00:00+00:00,-1.6,0.9,-3.1,1031.6,0.26,4.23,107.0,7.0,0.0,0.5,Chateau du Haut Koenigsbourg
48.2495226,7.3454923,2025-02-09 23:00:00+00:00,-1.7,0.9,-2.8,1031.2,0.26,4.49,107.0,7.0,0.0,0.8,Chateau du Haut Koenigsbourg
48.2495226,7.3454923,2025-02-10 00:00:00+00:00,-1.7,0.8,-2.4,1030.8,0.26,4.75,107.0,7.0,0.0,1.1,Chateau du Haut Koenigsbourg
48.2495226,7.3454923,2025-02-10 01:00:00+00:00,-1.8,0.8,-2.2,1030.4,0.19,4.95,107.0,7.0,0.0,0.9,Chateau du Haut Koenigsbourg
48.2495226,7.3454923,2025-02-10 02:00:00+00:00,-1.9,0.8,-2.0,1029.9,0.19,5.14,107.0,7.0,0.0,0.8,Chateau du Haut Koenigsbourg
48.2495226,7.3454923,2025-02-10 03:00:00+00:00,-1.9,0.8,-2.0,1029.4,0.19,5.34,107.0,7.0,0.0,0.7,Chateau du Haut Koenigsbourg
48.2495226,7.3454923,2025-02-10 04:00:00+00:00,-1.9,0.8,-2.1,1029.2,0.11,5.44,107.0,7.0,0.0,0.7,Chateau du Haut Koenigsbourg
48.2495226,7.3454923,2025-02-10 05:00:00+00:00,-2.0,0.8,-2.1,1029.0,0.11,5.55,107.0,7.0,0.0,0.7,Chateau du Haut Koenigsbourg
48.2495226,7.3454923,2025-02-10 06:00:00+00:00,-2.0,0.8,-2.1,1028.8,0.11,5.65,107.0,7.0,0.0,0.7,Chateau du Haut Koenigsbourg
48.2495226,7.3454923,2025-02-10 07:00:00+00:00,-1.9,0.8,-2.1,1028.8,0.14,5.79,107.0,7.0,0.0,1.3,Chateau du Haut Koenigsbourg
48.2495226,7.3454923,2025-02-10 08:00:00+00:00,-1.7,0.8,-2.1,1028.7,0.14,5.93,7.0,7.0,0.0,1.9,Chateau du Haut Koenigsbourg
48.2495226,7.3454923,2025-02-10 09:00:00+00:00,-1.6,0.8,-2.1,1028.7,0.14,6.07,7.0,7.0,0.0,2.6,Chateau du Haut Koenigsbourg
48.2495226,7.3454923,2025-02-10 10:00:00+00:00,-1.6,0.8,-2.1,1028.3,0.58,6.32,7.0,7.0,0.0,2.6,Chateau du Haut Koenigsbourg
48.2495226,7.3454923,2025-02-10 11:00:00+00:00,-1.5,0.8,-2.1,1028.0,0.58,6.57,7.0,7.0,0.0,2.7,Chateau du Haut Koenigsbourg
48.2495226,7.3454923,2025-02-10 12:00:00+00:00,-1.5,0.8,-2.1,1027.6,0.58,6.83,7.0,7.0,0.0,2.8,Chateau du Haut Koenigsbourg
48.2495226,7.3454923,2025-02-10 13:00:00+00:00,-1.6,0.6,-2.1,1027.4,0.62,7.28,7.0,7.0,0.0,3.3,Chateau du Haut Koenigsbourg
48.2495226,7.3454923,2025-02-10 14:00:00+00:00,-1.8,0.4,-2.1,1027.1,0.62,7.73,7.0,7.0,0.0,3.7,Chateau du Haut Koenigsbourg
48.2495226,7.3454923,2025-02-10 15:00:00+00:00,-2.0,0.2,-2.1,1026.9,0.62,8.19,7.0,7.0,0.0,4.2,Chateau du Haut Koenigsbourg
48.2495226,7.3454923,2025-02-10 16:00:00+00:00,-2.1,-0.2,-2.1,1026.9,0.81,8.76,7.0,7.0,0.0,4.8,Chateau du Haut Koenigsbourg
48.2495226,7.3454923,2025-02-10 17:00:00+00:00,-2.2,-0.7,-2.2,1026.9,0.81,9.33,7.0,7.0,0.0,5.4,Chateau du Haut Koenigsbourg
48.2495226,7.3454923,2025-02-10 18:00:00+00:00,-2.3,-1.2,-2.3,1026.9,0.81,9.9,107.0,7.0,0.0,6.1,Chateau du Haut Koenigsbourg
48.2495226,7.3454923,2025-02-10 19:00:00+00:00,-2.2,-1.3,-2.3,1026.8,0.59,9.89,107.0,7.0,0.0,5.5,Chateau du Haut Koenigsbourg
48.2495226,7.3454923,2025-02-10 20:00:00+00:00,-2.2,-1.4,-2.3,1026.6,0.59,9.89,107.0,7.0,0.0,4.9,Chateau du Haut Koenigsbourg
48.2495226,7.3454923,2025-02-10 21:00:00+00:00,-2.2,-1.4,-2.3,1026.4,0.59,9.88,107.0,7.0,0.0,4.3,Chateau du Haut Koenigsbourg
48.2495226,7.3454923,2025-02-10 22:00:00+00:00,-2.1,-1.4,-2.3,1026.1,0.12,9.74,107.0,7.0,0.0,4.3,Chateau du Haut Koenigsbourg
48.2495226,7.3454923,2025-02-10 23:00:00+00:00,-2.1,-1.4,-2.3,1025.7,0.12,9.6,107.0,7.0,0.0,4.4,Chateau du Haut Koenigsbourg
48.2495226,7.3454923,2025-02-11 00:00:00+00:00,-2.1,-1.4,-2.3,1025.4,0.12,9.46,107.0,7.0,0.0,4.4,Chateau du Haut Koenigsbourg
48.2495226,7.3454923,2025-02-11 01:00:00+00:00,-2.1,-1.4,-2.3,1025.0,0.0,9.27,104.0,7.0,0.0,4.3,Chateau du Haut Koenigsbourg
48.2495226,7.3454923,2025-02-11 02:00:00+00:00,-2.1,-1.4,-2.3,1024.6,0.0,9.07,104.0,7.0,0.0,4.1,Chateau du Haut Koenigsbourg
48.2495226,7.3454923,2025-02-11 03:00:00+00:00,-2.2,-1.4,-2.3,1024.1,0.0,8.88,104.0,7.0,0.0,4.0,Chateau du Haut Koenigsbourg
48.2495226,7.3454923,2025-02-11 04:00:00+00:00,-2.3,-1.4,-2.4,1024.1,0.0,8.77,104.0,7.0,0.0,4.0,Chateau du Haut Koenigsbourg
48.2495226,7.3454923,2025-02-11 05:00:00+00:00,-2.5,-1.4,-2.5,1024.1,0.0,8.67,104.0,7.0,0.0,4.0,Chateau du Haut Koenigsbourg
48.2495226,7.3454923,2025-02-11 06:00:00+00:00,-2.6,-1.4,-2.7,1024.1,0.0,8.56,104.0,7.0,0.0,3.9,Chateau du Haut Koenigsbourg
48.2495226,7.3454923,2025-02-11 07:00:00+00:00,-2.0,-1.4,-2.7,1024.7,0.0,8.42,104.0,7.0,0.0,3.6,Chateau du Haut Koenigsbourg
48.2495226,7.3454923,2025-02-11 08:00:00+00:00,-1.5,-1.4,-2.7,1025.2,0.0,8.29,4.0,7.0,0.0,3.2,Chateau du Haut Koenigsbourg
48.2495226,7.3454923,2025-02-11 09:00:00+00:00,-0.9,-0.8,-2.7,1025.8,0.0,8.15,3.0,7.0,1.0,2.9,Chateau du Haut Koenigsbourg
48.2495226,7.3454923,2025-02-11 10:00:00+00:00,-0.3,-0.2,-2.7,1026.4,0.0,7.57,3.0,7.0,2.0,2.6,Chateau du Haut Koenigsbourg
48.2495226,7.3454923,2025-02-11 11:00:00+00:00,0.3,0.5,-2.7,1026.9,0.0,6.99,2.0,7.0,2.0,2.2,Chateau du Haut Koenigsbourg
48.2495226,7.3454923,2025-02-11 12:00:00+00:00,0.9,1.1,-2.8,1027.5,0.0,6.41,1.0,7.0,3.0,1.9,Chateau du Haut Koenigsbourg
48.2495226,7.3454923,2025-02-11 13:00:00+00:00,0.3,1.1,-2.8,1027.5,0.0,5.79,1.0,7.0,2.0,2.1,Chateau du Haut Koenigsbourg
48.2495226,7.3454923,2025-02-11 14:00:00+00:00,-0.3,1.1,-2.8,1027.6,0.0,5.18,1.0,7.0,1.0,2.3,Chateau du Haut Koenigsbourg
48.2495226,7.3454923,2025-02-11 15:00:00+00:00,-0.9,1.1,-2.8,1027.6,0.0,4.56,1.0,7.0,0.0,2.6,Chateau du Haut Koenigsbourg
48.2495226,7.3454923,2025-02-11 16:00:00+00:00,-1.5,1.1,-2.8,1027.6,0.0,3.75,1.0,9.0,0.0,2.8,Chateau du Haut Koenigsbourg
48.2495226,7.3454923,2025-02-11 17:00:00+00:00,-2.1,1.1,-2.8,1027.7,0.0,2.95,1.0,9.0,0.0,3.0,Chateau du Haut Koenigsbourg
48.2495226,7.3454923,2025-02-11 18:00:00+00:00,-2.8,1.1,-2.9,1027.7,0.0,2.14,101.0,9.0,0.0,3.2,Chateau du Haut Koenigsbourg
48.2495226,7.3454923,2025-02-11 19:00:00+00:00,-2.8,1.1,-2.9,1027.7,0.0,1.55,101.0,9.0,0.0,3.4,Chateau du Haut Koenigsbourg
48.2495226,7.3454923,2025-02-11 20:00:00+00:00,-2.8,1.1,-3.0,1027.8,0.0,0.96,101.0,9.0,0.0,3.6,Chateau du Haut Koenigsbourg
48.2495226,7.3454923,2025-02-11 21:00:00+00:00,-2.8,1.1,-3.0,1027.8,0.0,0.36,101.0,9.0,0.0,3.7,Chateau du Haut Koenigsbourg
48.2495226,7.3454923,2025-02-11 22:00:00+00:00,-2.9,1.1,-3.0,1027.9,0.0,0.24,101.0,9.0,0.0,3.9,Chateau du Haut Koenigsbourg
48.2495226,7.3454923,2025-02-11 23:00:00+00:00,-2.9,1.1,-3.1,1027.9,0.0,0.12,101.0,9.0,0.0,4.1,Chateau du Haut Koenigsbourg
48.2495226,7.3454923,2025-02-12 00:00:00+00:00,-2.9,1.1,-3.1,1028.0,0.0,0.0,101.0,3.0,0.0,4.3,Chateau du Haut Koenigsbourg
48.2495226,7.3454923,2025-02-12 01:00:00+00:00,-3.2,1.1,-3.3,1028.0,0.0,0.0,101.0,3.0,0.0,4.2,Chateau du Haut Koenigsbourg
48.2495226,7.3454923,2025-02-12 02:00:00+00:00,-3.4,1.1,-3.6,1028.1,0.0,0.0,101.0,3.0,0.0,4.2,Chateau du Haut Koenigsbourg
48.2495226,7.3454923,2025-02-12 03:00:00+00:00,-3.6,1.1,-3.8,1028.1,0.0,0.0,101.0,3.0,0.0,4.1,Chateau du Haut Koenigsbourg
48.2495226,7.3454923,2025-02-12 04:00:00+00:00,-3.8,1.1,-4.0,1028.1,0.0,0.0,101.0,3.0,0.0,4.1,Chateau du Haut Koenigsbourg
48.2495226,7.3454923,2025-02-12 05:00:00+00:00,-4.0,1.2,-4.3,1028.2,0.0,0.0,101.0,3.0,0.0,4.0,Chateau du Haut Koenigsbourg
48.2495226,7.3454923,2025-02-12 06:00:00+00:00,-4.3,1.2,-4.5,1028.2,0.0,0.0,101.0,3.0,0.0,4.0,Chateau du Haut Koenigsbourg
48.2495226,7.3454923,2025-02-12 07:00:00+00:00,-3.5,1.2,-4.5,1028.0,0.0,0.0,101.0,3.0,0.0,3.9,Chateau du Haut Koenigsbourg
48.2495226,7.3454923,2025-02-12 08:00:00+00:00,-2.8,1.2,-4.5,1027.8,0.0,0.0,1.0,2.0,0.0,3.9,Chateau du Haut Koenigsbourg
48.2495226,7.3454923,2025-02-12 09:00:00+00:00,-2.0,1.2,-4.5,1027.6,0.0,0.0,1.0,2.0,1.0,3.8,Chateau du Haut Koenigsbourg
48.2495226,7.3454923,2025-02-12 10:00:00+00:00,-1.3,1.2,-4.5,1027.5,0.0,0.0,1.0,1.0,2.0,3.7,Chateau du Haut Koenigsbourg
48.2495226,7.3454923,2025-02-12 11:00:00+00:00,-0.5,1.2,-4.5,1027.3,0.0,0.0,1.0,1.0,3.0,3.7,Chateau du Haut Koenigsbourg
48.2495226,7.3454923,2025-02-12 12:00:00+00:00,0.2,1.2,-4.5,1027.1,0.0,0.0,1.0,1.0,3.0,3.6,Chateau du Haut Koenigsbourg
48.2495226,7.3454923,2025-02-12 13:00:00+00:00,-0.2,0.5,-4.5,1027.0,0.0,0.0,1.0,1.0,3.0,4.1,Chateau du Haut Koenigsbourg
48.2495226,7.3454923,2025-02-12 14:00:00+00:00,-0.6,0.5,-4.5,1026.8,0.0,0.0,1.0,1.0,2.0,4.7,Chateau du Haut Koenigsbourg
48.2495226,7.3454923,2025-02-12 15:00:00+00:00,-1.0,0.5,-4.5,1026.7,0.0,0.0,1.0,1.0,1.0,5.2,Chateau du Haut Koenigsbourg
48.2495226,7.3454923,2025-02-12 16:00:00+00:00,-1.4,0.5,-4.5,1026.6,0.0,0.0,1.0,1.0,0.0,5.8,Chateau du Haut Koenigsbourg
